game_id,home_team,away_team,home_avg_pts,away_avg_pts,home_avg_reb,away_avg_reb,home_win
0022300001,Cleveland Cavaliers,Indiana Pacers,103.6,119.25,45.8,44.25,0
0022300002,Milwaukee Bucks,New York Knicks,115.25,103.0,38.5,49.8,1
0022300003,Miami Heat,Washington Wizards,104.6,115.25,44.2,41.25,1
0022300004,Brooklyn Nets,Chicago Bulls,118.75,105.4,47.5,42.8,1
0022300005,Golden State Warriors,Oklahoma City Thunder,112.8,111.4,47.4,42.4,1
0022300006,Dallas Mavericks,Denver Nuggets,122.5,110.8,45.25,43.2,0
0022300007,Memphis Grizzlies,Portland Trail Blazers,106.6,103.0,43.2,44.8,0
0022300008,Detroit Pistons,Philadelphia 76ers,110.33333333333333,119.28571428571429,46.0,47.142857142857146,0
0022300009,Charlotte Hornets,Washington Wizards,116.28571428571429,119.28571428571429,43.714285714285715,39.0,1
0022300010,Boston Celtics,Brooklyn Nets,120.57142857142857,115.375,49.57142857142857,45.75,1
0022300011,Houston Rockets,New Orleans Pelicans,112.57142857142857,108.25,43.285714285714285,42.625,1
0022300012,Memphis Grizzlies,Utah Jazz,107.5,112.44444444444444,43.875,47.888888888888886,0
0022300013,Minnesota Timberwolves,San Antonio Spurs,111.71428571428571,113.375,47.142857142857146,41.375,1
0022300014,Dallas Mavericks,LA Clippers,120.125,113.85714285714286,41.375,43.0,1
0022300015,Los Angeles Lakers,Phoenix Suns,109.0,112.5,42.75,45.5,1
0022300016,Oklahoma City Thunder,Sacramento Kings,118.75,112.0,41.75,44.0,0
0022300017,Charlotte Hornets,Miami Heat,116.11111111111111,109.5,45.44444444444444,42.6,0
0022300018,Atlanta Hawks,Detroit Pistons,120.33333333333333,109.72727272727273,46.666666666666664,46.45454545454545,1
0022300019,Indiana Pacers,Philadelphia 76ers,126.0,120.66666666666667,42.0,47.77777777777778,1
0022300020,Brooklyn Nets,Orlando Magic,113.2,110.11111111111111,47.8,45.333333333333336,1
0022300021,Oklahoma City Thunder,San Antonio Spurs,115.9,113.0,40.5,41.9,1
0022300022,Dallas Mavericks,New Orleans Pelicans,124.1,109.1,41.4,44.4,0
0022300023,Portland Trail Blazers,Utah Jazz,106.44444444444444,113.9,43.888888888888886,46.9,0
0022300024,Denver Nuggets,LA Clippers,114.8,113.77777777777777,45.5,43.22222222222222,1
0022300025,Golden State Warriors,Minnesota Timberwolves,114.0,112.77777777777777,47.09090909090909,47.55555555555556,0
0022300026,Los Angeles Lakers,Memphis Grizzlies,111.0,108.6,42.6,42.9,1
0022300027,Charlotte Hornets,Milwaukee Bucks,115.0,117.0,45.4,40.90909090909091,0
0022300028,New York Knicks,Washington Wizards,109.0909090909091,115.45454545454545,47.18181818181818,39.54545454545455,1
0022300029,Atlanta Hawks,Philadelphia 76ers,120.27272727272727,119.9090909090909,44.63636363636363,46.27272727272727,0
0022300030,Cleveland Cavaliers,Detroit Pistons,110.54545454545455,110.58333333333333,44.54545454545455,46.083333333333336,1
0022300031,Boston Celtics,Toronto Raptors,119.36363636363636,108.54545454545455,47.90909090909091,46.90909090909091,1
0022300032,Sacramento Kings,San Antonio Spurs,114.6,110.63636363636364,44.2,42.0,1
0022300033,Chicago Bulls,Orlando Magic,108.5,108.27272727272727,42.333333333333336,44.63636363636363,0
0022300034,Denver Nuggets,New Orleans Pelicans,114.45454545454545,111.0909090909091,44.63636363636363,44.18181818181818,0
0022300035,Phoenix Suns,Utah Jazz,113.72727272727273,114.0,45.36363636363637,47.36363636363637,1
0022300036,Los Angeles Lakers,Portland Trail Blazers,112.83333333333333,104.72727272727273,43.583333333333336,42.54545454545455,1
0022300037,Houston Rockets,LA Clippers,111.0,113.2,43.333333333333336,43.1,0
0022300038,Orlando Magic,Toronto Raptors,109.38461538461539,110.84615384615384,44.53846153846154,46.46153846153846,1
0022300039,Atlanta Hawks,Indiana Pacers,119.91666666666667,125.66666666666667,44.166666666666664,41.75,0
0022300040,Cleveland Cavaliers,Philadelphia 76ers,111.15384615384616,120.46153846153847,44.30769230769231,45.84615384615385,1
0022300041,Phoenix Suns,Portland Trail Blazers,117.07692307692308,102.92307692307692,44.53846153846154,42.07692307692308,1
0022300042,Los Angeles Lakers,Utah Jazz,111.85714285714286,116.84615384615384,43.5,47.61538461538461,1
0022300043,Boston Celtics,Orlando Magic,117.33333333333333,111.46666666666667,47.13333333333333,44.0,0
0022300044,Memphis Grizzlies,Phoenix Suns,107.42857142857143,117.66666666666667,42.5,44.0,0
0022300045,Miami Heat,New York Knicks,111.46666666666667,110.14285714285714,41.2,47.42857142857143,0
0022300046,Chicago Bulls,Toronto Raptors,106.4375,112.0,41.25,45.86666666666667,0
0022300047,Detroit Pistons,Indiana Pacers,109.53333333333333,128.28571428571428,45.86666666666667,40.07142857142857,0
0022300048,Denver Nuggets,Houston Rockets,113.6,110.0,44.0,43.69230769230769,0
0022300049,Milwaukee Bucks,Washington Wizards,120.46666666666667,115.14285714285714,42.8,38.57142857142857,1
0022300050,Minnesota Timberwolves,Sacramento Kings,113.14285714285714,114.92857142857143,45.357142857142854,43.285714285714285,0
0022300051,Golden State Warriors,San Antonio Spurs,113.9375,109.73333333333333,46.75,42.46666666666667,1
0022300052,LA Clippers,New Orleans Pelicans,113.15384615384616,113.53333333333333,44.53846153846154,44.53333333333333,0
0022300053,Boston Celtics,Chicago Bulls,115.82352941176471,106.66666666666667,46.8235294117647,40.94444444444444,1
0022300054,Brooklyn Nets,Toronto Raptors,115.3125,111.94117647058823,46.6875,45.76470588235294,1
0022300055,Atlanta Hawks,Cleveland Cavaliers,123.5625,110.76470588235294,44.9375,44.23529411764706,0
0022300056,Miami Heat,Milwaukee Bucks,109.82352941176471,120.3529411764706,41.35294117647059,43.76470588235294,0
0022300057,Charlotte Hornets,New York Knicks,114.13333333333334,109.6875,45.0,46.75,0
0022300058,Minnesota Timberwolves,Oklahoma City Thunder,113.375,119.5625,45.0625,41.25,1
0022300059,Dallas Mavericks,Houston Rockets,119.4375,109.64285714285714,42.4375,44.07142857142857,1
0022300060,Golden State Warriors,Sacramento Kings,114.17647058823529,115.53333333333333,46.411764705882355,43.46666666666667,0
0022300076,Los Angeles Lakers,Phoenix Suns,107.0,108.0,44.0,60.0,1
0022300077,Charlotte Hornets,Detroit Pistons,116.0,102.0,51.0,56.0,0
0022300078,Denver Nuggets,Memphis Grizzlies,119.0,104.0,42.0,37.0,1
0022300079,Atlanta Hawks,New York Knicks,110.0,104.0,42.0,47.0,0
0022300080,Boston Celtics,Miami Heat,108.0,103.0,46.0,48.0,1
0022300081,Cleveland Cavaliers,Oklahoma City Thunder,114.0,124.0,38.0,43.0,0
0022300082,Chicago Bulls,Toronto Raptors,104.0,97.0,42.0,47.0,1
0022300083,Houston Rockets,San Antonio Spurs,86.0,119.0,31.0,45.0,0
0022300084,Brooklyn Nets,Dallas Mavericks,113.0,126.0,50.0,48.0,0
0022300085,LA Clippers,Utah Jazz,123.0,114.0,45.0,54.0,0
0022300086,Orlando Magic,Portland Trail Blazers,116.0,111.0,57.0,40.0,1
0022300087,Golden State Warriors,Sacramento Kings,104.0,130.0,49.0,45.0,1
0022300088,Chicago Bulls,Detroit Pistons,104.0,106.5,47.0,54.5,0
0022300089,Memphis Grizzlies,Washington Wizards,104.0,120.0,42.5,45.0,0
0022300090,New Orleans Pelicans,New York Knicks,111.0,115.0,52.0,46.0,1
0022300091,Cleveland Cavaliers,Indiana Pacers,109.5,143.0,43.0,51.0,0
0022300092,Philadelphia 76ers,Toronto Raptors,117.0,100.0,39.0,50.0,1
0022300093,Miami Heat,Minnesota Timberwolves,107.0,94.0,46.5,62.0,0
0022300094,Phoenix Suns,Utah Jazz,101.5,117.0,54.5,49.5,1
0022300095,Denver Nuggets,Oklahoma City Thunder,113.5,116.0,41.0,45.0,1
0022300096,Golden State Warriors,Houston Rockets,113.0,104.0,44.0,37.0,1
0022300097,Atlanta Hawks,Milwaukee Bucks,115.0,118.0,43.0,43.0,1
0022300098,Philadelphia 76ers,Portland Trail Blazers,115.5,104.0,40.5,43.5,1
0022300099,LA Clippers,San Antonio Spurs,120.5,122.5,40.5,44.0,1
0022300100,Los Angeles Lakers,Sacramento Kings,103.5,122.0,43.0,43.0,0
0022300101,Brooklyn Nets,Charlotte Hornets,116.5,107.5,48.5,46.0,1
0022300102,Chicago Bulls,Indiana Pacers,103.33333333333333,134.0,42.333333333333336,49.5,1
0022300103,Boston Celtics,Washington Wizards,113.5,116.5,50.5,45.0,1
0022300104,Atlanta Hawks,Minnesota Timberwolves,119.0,100.0,44.0,54.5,1
0022300105,Portland Trail Blazers,Toronto Raptors,102.0,102.33333333333333,43.0,47.0,1
0022300106,Dallas Mavericks,Memphis Grizzlies,125.5,104.66666666666667,44.0,43.333333333333336,1
0022300107,Miami Heat,Milwaukee Bucks,101.33333333333333,114.0,45.0,41.0,0
0022300108,Golden State Warriors,New Orleans Pelicans,110.66666666666667,103.5,45.666666666666664,47.5,1
0022300109,Detroit Pistons,Oklahoma City Thunder,110.33333333333333,109.0,54.0,39.666666666666664,0
0022300110,Denver Nuggets,Utah Jazz,118.33333333333333,112.66666666666667,43.333333333333336,48.0,1
0022300111,Los Angeles Lakers,Orlando Magic,111.33333333333333,109.0,46.333333333333336,51.0,1
0022300112,Cleveland Cavaliers,New York Knicks,110.66666666666667,105.66666666666667,45.666666666666664,50.333333333333336,0
0022300113,Phoenix Suns,San Antonio Spurs,109.66666666666667,109.33333333333333,49.333333333333336,41.666666666666664,0
0022300114,LA Clippers,Orlando Magic,121.33333333333333,107.0,43.0,48.666666666666664,1
0022300115,Detroit Pistons,Portland Trail Blazers,110.75,101.25,50.75,45.0,0
0022300116,Milwaukee Bucks,Toronto Raptors,116.66666666666667,99.5,41.666666666666664,47.0,0
0022300117,Atlanta Hawks,Washington Wizards,121.0,113.33333333333333,42.0,43.333333333333336,1
0022300118,Boston Celtics,Indiana Pacers,117.66666666666667,124.33333333333333,50.666666666666664,48.666666666666664,1
0022300119,Brooklyn Nets,Miami Heat,122.0,104.5,47.666666666666664,43.75,1
0022300120,Cleveland Cavaliers,New York Knicks,105.75,106.5,45.75,49.75,1
0022300121,New Orleans Pelicans,Oklahoma City Thunder,103.0,112.75,44.666666666666664,40.75,1
0022300122,Charlotte Hornets,Houston Rockets,112.0,101.0,43.666666666666664,38.666666666666664,0
0022300123,Denver Nuggets,Minnesota Timberwolves,116.25,104.33333333333333,43.25,49.0,0
0022300124,Chicago Bulls,Dallas Mavericks,105.5,125.33333333333333,42.75,45.333333333333336,0
0022300125,Memphis Grizzlies,Utah Jazz,106.0,110.0,43.5,48.75,0
0022300126,Golden State Warriors,Sacramento Kings,115.5,125.33333333333333,50.25,44.333333333333336,1
0022300127,LA Clippers,Los Angeles Lakers,120.5,110.0,43.25,44.75,0
0022300128,Philadelphia 76ers,Toronto Raptors,119.0,105.6,44.0,47.6,1
0022300129,Detroit Pistons,New Orleans Pelicans,108.8,104.75,48.2,48.0,0
0022300130,Orlando Magic,Utah Jazz,105.75,114.6,46.5,49.0,1
0022300131,Phoenix Suns,San Antonio Spurs,110.75,110.75,47.75,40.5,0
0022300132,Philadelphia 76ers,Phoenix Suns,117.75,112.8,44.5,45.0,1
0022300133,Charlotte Hornets,Indiana Pacers,113.75,119.6,43.75,43.4,1
0022300134,Los Angeles Lakers,Orlando Magic,114.0,107.6,46.0,45.8,0
0022300135,Atlanta Hawks,New Orleans Pelicans,122.8,108.8,45.0,45.6,1
0022300136,Boston Celtics,Brooklyn Nets,127.0,116.8,52.25,45.8,1
0022300137,Houston Rockets,Sacramento Kings,107.75,119.25,38.5,45.25,1
0022300138,Minnesota Timberwolves,Utah Jazz,105.75,114.33333333333333,48.5,48.833333333333336,1
0022300139,Chicago Bulls,Denver Nuggets,105.66666666666667,113.16666666666667,42.666666666666664,44.5,0
0022300140,Detroit Pistons,Phoenix Suns,110.0,110.66666666666667,48.166666666666664,44.5,0
0022300141,San Antonio Spurs,Toronto Raptors,115.0,104.5,40.6,46.5,0
0022300142,Cleveland Cavaliers,Golden State Warriors,105.66666666666667,117.5,44.0,45.833333333333336,1
0022300143,Charlotte Hornets,Dallas Mavericks,116.0,120.8,43.2,43.0,0
0022300144,Memphis Grizzlies,Portland Trail Blazers,107.66666666666667,105.0,44.0,45.666666666666664,1
0022300145,Detroit Pistons,Golden State Warriors,109.42857142857143,115.57142857142857,46.0,45.57142857142857,0
0022300146,Indiana Pacers,San Antonio Spurs,120.33333333333333,115.16666666666667,42.166666666666664,41.5,1
0022300147,Dallas Mavericks,Orlando Magic,121.33333333333333,109.66666666666667,43.666666666666664,46.666666666666664,1
0022300148,Philadelphia 76ers,Washington Wizards,116.6,115.0,45.8,39.0,1
0022300149,Brooklyn Nets,Milwaukee Bucks,116.33333333333333,114.2,45.166666666666664,39.0,0
0022300150,Los Angeles Lakers,Miami Heat,111.83333333333333,107.33333333333333,45.0,43.0,0
0022300151,LA Clippers,New York Knicks,121.4,103.33333333333333,43.8,50.833333333333336,0
0022300152,Chicago Bulls,Utah Jazz,105.0,111.57142857142857,41.857142857142854,47.42857142857143,1
0022300153,Houston Rockets,Sacramento Kings,107.6,113.2,41.4,44.8,1
0022300154,Boston Celtics,Minnesota Timberwolves,126.4,109.2,51.8,47.4,0
0022300155,Atlanta Hawks,Oklahoma City Thunder,122.83333333333333,116.0,46.166666666666664,40.666666666666664,0
0022300156,Denver Nuggets,New Orleans Pelicans,114.57142857142857,108.16666666666667,45.142857142857146,43.833333333333336,1
0022300157,Charlotte Hornets,Washington Wizards,116.33333333333333,117.16666666666667,43.166666666666664,38.833333333333336,0
0022300158,Indiana Pacers,Utah Jazz,124.85714285714286,111.75,43.142857142857146,48.0,1
0022300159,Boston Celtics,Philadelphia 76ers,123.5,121.5,50.666666666666664,45.666666666666664,0
0022300160,Brooklyn Nets,LA Clippers,117.57142857142857,117.33333333333333,45.285714285714285,41.666666666666664,1
0022300161,New York Knicks,San Antonio Spurs,104.42857142857143,114.57142857142857,50.42857142857143,40.714285714285715,1
0022300162,Chicago Bulls,Phoenix Suns,108.125,112.0,41.125,44.285714285714285,0
0022300163,Houston Rockets,Los Angeles Lakers,110.0,111.14285714285714,41.0,44.0,1
0022300164,Memphis Grizzlies,Miami Heat,108.28571428571429,107.42857142857143,44.714285714285715,43.142857142857146,0
0022300165,Detroit Pistons,Milwaukee Bucks,109.375,116.66666666666667,45.125,40.5,0
0022300166,Minnesota Timberwolves,New Orleans Pelicans,110.0,109.28571428571429,47.0,43.0,1
0022300167,Cleveland Cavaliers,Oklahoma City Thunder,107.0,117.42857142857143,45.42857142857143,41.857142857142854,0
0022300168,Dallas Mavericks,Toronto Raptors,120.71428571428571,107.14285714285714,41.857142857142854,46.57142857142857,0
0022300169,Denver Nuggets,Golden State Warriors,117.0,116.125,45.125,45.375,1
0022300170,Portland Trail Blazers,Sacramento Kings,104.28571428571429,110.5,45.857142857142854,43.0,0
0022300171,Indiana Pacers,Milwaukee Bucks,126.0,117.14285714285714,43.5,39.857142857142854,1
0022300172,Atlanta Hawks,Orlando Magic,122.0,108.57142857142857,48.0,45.42857142857143,1
0022300173,Milwaukee Bucks,Orlando Magic,118.0,109.875,40.0,45.625,0
0022300174,Boston Celtics,Toronto Raptors,120.625,109.625,49.875,47.0,1
0022300175,Atlanta Hawks,Miami Heat,121.75,107.5,46.5,43.25,0
0022300176,Cleveland Cavaliers,Golden State Warriors,108.625,114.88888888888889,44.875,45.77777777777778,1
0022300177,Charlotte Hornets,New York Knicks,117.25,107.125,46.625,50.0,0
0022300178,Brooklyn Nets,Washington Wizards,114.44444444444444,119.0,45.77777777777778,38.625,1
0022300179,LA Clippers,Memphis Grizzlies,115.375,109.0,43.5,43.111111111111114,0
0022300180,Indiana Pacers,Philadelphia 76ers,126.0,118.625,43.111111111111114,47.0,0
0022300181,Chicago Bulls,Detroit Pistons,108.88888888888889,109.9,40.888888888888886,46.2,1
0022300182,Denver Nuggets,Houston Rockets,116.0,111.5,45.111111111111114,43.125,0
0022300183,Dallas Mavericks,New Orleans Pelicans,122.77777777777777,107.44444444444444,41.333333333333336,43.333333333333336,1
0022300184,Miami Heat,San Antonio Spurs,108.55555555555556,113.0,42.77777777777778,41.0,1
0022300185,Oklahoma City Thunder,Phoenix Suns,116.44444444444444,113.22222222222223,41.333333333333336,46.22222222222222,1
0022300186,Golden State Warriors,Minnesota Timberwolves,114.4,112.375,46.7,47.625,0
0022300187,Los Angeles Lakers,Portland Trail Blazers,110.44444444444444,106.0,42.77777777777778,44.625,1
0022300188,Boston Celtics,New York Knicks,120.22222222222223,109.55555555555556,49.44444444444444,48.888888888888886,1
0022300189,Toronto Raptors,Washington Wizards,107.88888888888889,116.22222222222223,45.888888888888886,39.0,1
0022300190,Chicago Bulls,Milwaukee Bucks,109.9,115.66666666666667,40.8,39.55555555555556,0
0022300191,Cleveland Cavaliers,Sacramento Kings,109.66666666666667,111.125,44.888888888888886,45.0,0
0022300192,Dallas Mavericks,Washington Wizards,122.81818181818181,115.3,41.72727272727273,38.9,1
0022300193,Atlanta Hawks,New York Knicks,120.9,108.4,46.1,47.7,0
0022300194,Boston Celtics,Philadelphia 76ers,119.6,121.2,48.2,46.8,1
0022300195,Milwaukee Bucks,Toronto Raptors,115.9,108.2,40.9,46.1,1
0022300196,Chicago Bulls,Orlando Magic,109.81818181818181,109.5,41.36363636363637,44.5,0
0022300197,Minnesota Timberwolves,Phoenix Suns,111.9,111.8,47.0,46.7,0
0022300198,Los Angeles Lakers,Sacramento Kings,113.0909090909091,113.44444444444444,43.63636363636363,44.111111111111114,0
0022300199,Cleveland Cavaliers,Portland Trail Blazers,110.7,105.7,44.3,43.8,1
0022300200,Brooklyn Nets,Miami Heat,114.18181818181819,109.63636363636364,47.45454545454545,42.54545454545455,0
0022300201,Golden State Warriors,Oklahoma City Thunder,112.91666666666667,116.54545454545455,47.0,40.45454545454545,0
0022300202,Charlotte Hornets,New York Knicks,113.54545454545455,110.0,45.18181818181818,47.25,0
0022300203,Minnesota Timberwolves,New Orleans Pelicans,112.18181818181819,111.41666666666667,46.36363636363637,43.75,1
0022300204,Chicago Bulls,Miami Heat,107.61538461538461,110.66666666666667,41.69230769230769,41.666666666666664,1
0022300205,Dallas Mavericks,Milwaukee Bucks,123.41666666666667,118.08333333333333,42.083333333333336,41.583333333333336,0
0022300206,Memphis Grizzlies,San Antonio Spurs,108.45454545454545,111.41666666666667,42.0,42.0,1
0022300207,Golden State Warriors,Oklahoma City Thunder,112.61538461538461,117.5,47.15384615384615,40.583333333333336,0
0022300208,Brooklyn Nets,Philadelphia 76ers,114.25,120.41666666666667,46.833333333333336,46.0,0
0022300209,Indiana Pacers,Orlando Magic,126.54545454545455,107.83333333333333,41.90909090909091,44.75,0
0022300210,Cleveland Cavaliers,Denver Nuggets,110.33333333333333,114.08333333333333,44.083333333333336,45.166666666666664,1
0022300211,Detroit Pistons,Toronto Raptors,109.76923076923077,108.25,46.46153846153846,46.416666666666664,0
0022300212,Dallas Mavericks,Sacramento Kings,123.53846153846153,115.9090909090909,42.61538461538461,44.0,0
0022300213,Boston Celtics,Memphis Grizzlies,118.41666666666667,109.41666666666667,47.583333333333336,42.25,1
0022300214,Phoenix Suns,Utah Jazz,115.16666666666667,115.16666666666667,44.583333333333336,46.666666666666664,1
0022300215,Oklahoma City Thunder,Portland Trail Blazers,118.46153846153847,103.91666666666667,41.07692307692308,43.0,1
0022300216,Houston Rockets,Los Angeles Lakers,109.9,112.38461538461539,43.7,43.61538461538461,0
0022300217,Boston Celtics,Charlotte Hornets,117.15384615384616,113.08333333333333,47.38461538461539,44.416666666666664,0
0022300218,Denver Nuggets,Detroit Pistons,113.6923076923077,110.0,44.23076923076923,46.07142857142857,1
0022300219,Milwaukee Bucks,Washington Wizards,119.15384615384616,114.08333333333333,41.53846153846154,38.916666666666664,1
0022300220,Chicago Bulls,Miami Heat,107.21428571428571,109.61538461538461,41.857142857142854,41.07692307692308,0
0022300221,Minnesota Timberwolves,New York Knicks,112.91666666666667,110.92307692307692,45.25,47.23076923076923,1
0022300222,New Orleans Pelicans,Sacramento Kings,112.07692307692308,117.0,43.46153846153846,44.333333333333336,1
0022300223,LA Clippers,San Antonio Spurs,112.54545454545455,111.15384615384616,43.45454545454545,41.84615384615385,1
0022300224,Golden State Warriors,Houston Rockets,113.35714285714286,109.36363636363636,47.285714285714285,42.81818181818182,1
0022300225,Charlotte Hornets,Washington Wizards,113.6923076923077,115.23076923076923,45.38461538461539,37.92307692307692,1
0022300226,Denver Nuggets,Orlando Magic,113.21428571428571,110.57142857142857,44.142857142857146,44.214285714285715,0
0022300227,Atlanta Hawks,Brooklyn Nets,122.38461538461539,113.07692307692308,43.76923076923077,46.69230769230769,1
0022300228,Boston Celtics,Milwaukee Bucks,117.21428571428571,120.78571428571429,47.42857142857143,42.5,1
0022300229,Cleveland Cavaliers,Miami Heat,111.92857142857143,110.21428571428571,45.142857142857146,41.214285714285715,0
0022300230,Indiana Pacers,Toronto Raptors,128.07692307692307,110.57142857142857,40.76923076923077,45.857142857142854,0
0022300231,Houston Rockets,Memphis Grizzlies,109.91666666666667,108.6923076923077,43.25,42.23076923076923,1
0022300232,Minnesota Timberwolves,Philadelphia 76ers,113.23076923076923,120.35714285714286,45.15384615384615,45.714285714285715,1
0022300233,New Orleans Pelicans,Sacramento Kings,113.28571428571429,115.15384615384616,44.285714285714285,43.69230769230769,1
0022300234,Chicago Bulls,Oklahoma City Thunder,106.73333333333333,119.57142857142857,41.46666666666667,41.214285714285715,0
0022300235,LA Clippers,San Antonio Spurs,113.5,110.28571428571429,44.083333333333336,42.357142857142854,1
0022300236,Golden State Warriors,Phoenix Suns,113.86666666666666,117.28571428571429,47.0,44.07142857142857,0
0022300237,Portland Trail Blazers,Utah Jazz,103.21428571428571,115.57142857142857,41.214285714285715,47.214285714285715,1
0022300238,Dallas Mavericks,Los Angeles Lakers,122.78571428571429,113.13333333333334,42.42857142857143,44.06666666666667,1
0022300239,Oklahoma City Thunder,Philadelphia 76ers,119.33333333333333,118.93333333333334,41.46666666666667,45.86666666666667,0
0022300240,Brooklyn Nets,Miami Heat,115.35714285714286,110.625,47.57142857142857,41.1875,1
0022300241,Atlanta Hawks,Washington Wizards,124.14285714285714,116.0,44.785714285714285,39.06666666666667,1
0022300242,Cleveland Cavaliers,Los Angeles Lakers,110.86666666666666,112.375,44.4,44.5,0
0022300243,New Orleans Pelicans,Utah Jazz,113.6875,114.86666666666666,44.875,47.0,0
0022300244,Dallas Mavericks,LA Clippers,121.53333333333333,112.64285714285714,42.8,44.142857142857146,0
0022300245,Milwaukee Bucks,Portland Trail Blazers,121.125,104.4,43.25,40.93333333333333,1
0022300246,Atlanta Hawks,Boston Celtics,124.93333333333334,116.0,45.06666666666667,46.125,0
0022300247,New York Knicks,Phoenix Suns,109.46666666666667,117.1875,47.333333333333336,43.8125,0
0022300248,Charlotte Hornets,Orlando Magic,113.92857142857143,111.5625,45.642857142857146,44.25,0
0022300249,Memphis Grizzlies,Minnesota Timberwolves,106.2,113.0,42.0,45.266666666666666,0
0022300250,Brooklyn Nets,Chicago Bulls,115.13333333333334,106.52941176470588,47.2,41.0,1
0022300251,Cleveland Cavaliers,Toronto Raptors,111.125,112.5625,43.9375,45.5,1
0022300252,Denver Nuggets,San Antonio Spurs,111.875,109.875,44.125,42.6875,1
0022300253,Detroit Pistons,Washington Wizards,109.75,115.5,45.6875,39.1875,0
0022300254,Indiana Pacers,Portland Trail Blazers,128.8,104.25,40.06666666666667,40.875,0
0022300255,Los Angeles Lakers,Philadelphia 76ers,112.88235294117646,119.4375,44.470588235294116,46.0625,0
0022300256,New Orleans Pelicans,Utah Jazz,112.88235294117646,114.25,44.705882352941174,47.3125,0
0022300257,Denver Nuggets,LA Clippers,113.05882352941177,112.26666666666667,44.1764705882353,45.0,1
0022300258,Detroit Pistons,Los Angeles Lakers,109.58823529411765,111.83333333333333,45.88235294117647,43.77777777777778,0
0022300259,Orlando Magic,Washington Wizards,112.6470588235294,116.11764705882354,44.23529411764706,39.588235294117645,1
0022300260,Phoenix Suns,Toronto Raptors,117.11764705882354,111.44444444444444,44.0,45.77777777777778,0
0022300261,Memphis Grizzlies,Utah Jazz,105.625,114.23529411764706,41.5625,47.05882352941177,1
0022300262,New Orleans Pelicans,Philadelphia 76ers,112.83333333333333,120.52941176470588,44.888888888888886,46.1764705882353,1
0022300263,Denver Nuggets,Houston Rockets,113.05555555555556,110.0,44.611111111111114,43.8,1
0022300264,LA Clippers,Sacramento Kings,111.75,116.0625,45.25,43.625,1
0022300265,Cleveland Cavaliers,Portland Trail Blazers,111.72222222222223,104.82352941176471,44.833333333333336,40.705882352941174,0
0022300266,Brooklyn Nets,Charlotte Hornets,115.29411764705883,112.6875,47.411764705882355,44.75,0
0022300267,Indiana Pacers,Miami Heat,127.625,110.61111111111111,40.1875,41.0,0
0022300268,Detroit Pistons,New York Knicks,109.44444444444444,110.0,45.5,47.1764705882353,0
0022300269,Chicago Bulls,Milwaukee Bucks,106.15789473684211,120.94444444444444,40.73684210526316,43.833333333333336,1
0022300270,Minnesota Timberwolves,Utah Jazz,112.94117647058823,112.94444444444444,45.411764705882355,46.611111111111114,1
0022300271,Los Angeles Lakers,Oklahoma City Thunder,112.94736842105263,118.58823529411765,44.05263157894737,40.94117647058823,0
0022300272,Atlanta Hawks,San Antonio Spurs,122.47058823529412,110.47058823529412,44.88235294117647,42.23529411764706,1
0022300273,Golden State Warriors,LA Clippers,114.66666666666667,112.88235294117646,46.72222222222222,44.76470588235294,1
0022300274,Orlando Magic,Washington Wizards,114.11111111111111,116.33333333333333,44.22222222222222,39.0,1
0022300275,Boston Celtics,Philadelphia 76ers,116.27777777777777,120.16666666666667,47.111111111111114,45.27777777777778,1
0022300276,New York Knicks,Toronto Raptors,110.44444444444444,111.47368421052632,46.833333333333336,45.94736842105263,1
0022300277,Dallas Mavericks,Memphis Grizzlies,119.52941176470588,105.58823529411765,42.1764705882353,42.11764705882353,0
0022300278,New Orleans Pelicans,San Antonio Spurs,113.42105263157895,111.83333333333333,44.63157894736842,42.5,1
0022300279,Denver Nuggets,Phoenix Suns,114.15789473684211,116.44444444444444,44.421052631578945,44.166666666666664,1
0022300280,Golden State Warriors,LA Clippers,114.94736842105263,112.94444444444444,46.73684210526316,44.666666666666664,0
0022300281,Charlotte Hornets,Minnesota Timberwolves,113.6470588235294,112.27777777777777,44.529411764705884,45.22222222222222,0
0022300282,Brooklyn Nets,Orlando Magic,116.0,114.94736842105263,47.666666666666664,44.21052631578947,1
0022300283,Cleveland Cavaliers,Detroit Pistons,110.84210526315789,109.57894736842105,44.31578947368421,45.31578947368421,1
0022300284,Indiana Pacers,Miami Heat,127.88235294117646,112.26315789473684,39.8235294117647,41.36842105263158,1
0022300285,Chicago Bulls,New Orleans Pelicans,106.85,113.8,41.25,44.5,1
0022300286,Atlanta Hawks,Milwaukee Bucks,123.27777777777777,120.52631578947368,44.44444444444444,43.78947368421053,0
0022300287,Dallas Mavericks,Oklahoma City Thunder,118.11111111111111,119.38888888888889,42.166666666666664,41.333333333333336,0
0022300288,Memphis Grizzlies,Phoenix Suns,105.72222222222223,116.15789473684211,42.666666666666664,44.10526315789474,0
0022300289,Portland Trail Blazers,Utah Jazz,104.72222222222223,111.73684210526316,40.666666666666664,46.8421052631579,0
0022300290,Denver Nuggets,Sacramento Kings,114.4,116.11764705882354,43.8,43.8235294117647,0
0022300291,Houston Rockets,Los Angeles Lakers,110.875,112.8,43.25,43.9,0
0022300292,Charlotte Hornets,Miami Heat,113.4,112.4090909090909,43.3,40.68181818181818,0
0022300293,Detroit Pistons,Indiana Pacers,108.0,128.4,45.0,40.05,0
0022300294,Cleveland Cavaliers,Orlando Magic,111.27272727272727,114.5,44.59090909090909,43.54545454545455,0
0022300295,Philadelphia 76ers,Washington Wizards,120.85714285714286,116.28571428571429,45.142857142857146,38.80952380952381,1
0022300296,Atlanta Hawks,Denver Nuggets,122.23809523809524,113.6086956521739,44.95238095238095,44.130434782608695,0
0022300297,New York Knicks,Toronto Raptors,112.0,111.04545454545455,46.0,45.86363636363637,1
0022300298,Houston Rockets,San Antonio Spurs,110.26315789473684,110.71428571428571,44.526315789473685,42.714285714285715,1
0022300299,Dallas Mavericks,Memphis Grizzlies,119.9047619047619,106.23809523809524,42.61904761904762,42.0,1
0022300300,Chicago Bulls,Milwaukee Bucks,108.3913043478261,122.13636363636364,42.56521739130435,43.59090909090909,0
0022300301,Minnesota Timberwolves,New Orleans Pelicans,113.0,113.47826086956522,45.904761904761905,44.04347826086956,0
0022300302,Oklahoma City Thunder,Utah Jazz,119.71428571428571,110.95454545454545,41.095238095238095,46.77272727272727,1
0022300303,Brooklyn Nets,Sacramento Kings,116.9047619047619,116.4,48.333333333333336,44.0,0
0022300304,LA Clippers,Portland Trail Blazers,113.04761904761905,105.52380952380952,44.523809523809526,40.95238095238095,1
0022300305,Boston Celtics,Cleveland Cavaliers,117.28571428571429,110.52173913043478,46.857142857142854,44.73913043478261,1
0022300306,Dallas Mavericks,Los Angeles Lakers,119.9090909090909,113.1304347826087,42.63636363636363,44.78260869565217,1
0022300307,Chicago Bulls,Denver Nuggets,109.25,114.25,42.916666666666664,44.333333333333336,0
0022300308,Golden State Warriors,Phoenix Suns,115.54545454545455,115.0909090909091,47.27272727272727,43.90909090909091,0
0022300309,LA Clippers,Sacramento Kings,113.9090909090909,117.0952380952381,44.09090909090909,43.95238095238095,1
0022300310,Detroit Pistons,Philadelphia 76ers,108.65217391304348,122.0,44.34782608695652,45.22727272727273,0
0022300311,New Orleans Pelicans,Washington Wizards,113.79166666666667,115.5909090909091,44.166666666666664,39.04545454545455,1
0022300312,Charlotte Hornets,Miami Heat,113.42857142857143,112.56521739130434,42.714285714285715,40.78260869565217,0
0022300313,Atlanta Hawks,Toronto Raptors,122.22727272727273,111.8695652173913,44.5,45.52173913043478,0
0022300314,Houston Rockets,Memphis Grizzlies,109.4,106.54545454545455,45.3,41.81818181818182,1
0022300315,Indiana Pacers,Milwaukee Bucks,128.52380952380952,122.6086956521739,40.19047619047619,43.78260869565217,0
0022300316,Los Angeles Lakers,San Antonio Spurs,113.625,109.4090909090909,44.583333333333336,43.09090909090909,1
0022300317,Brooklyn Nets,Phoenix Suns,116.95454545454545,115.26086956521739,48.0,43.78260869565217,1
0022300318,New York Knicks,Utah Jazz,113.0909090909091,111.34782608695652,45.81818181818182,46.52173913043478,0
0022300319,Boston Celtics,Cleveland Cavaliers,117.4090909090909,110.625,46.77272727272727,44.333333333333336,1
0022300320,Chicago Bulls,Miami Heat,109.12,112.66666666666667,42.84,41.041666666666664,1
0022300321,Dallas Mavericks,Minnesota Timberwolves,120.21739130434783,112.72727272727273,42.34782608695652,45.95454545454545,0
0022300322,Brooklyn Nets,Denver Nuggets,116.91304347826087,114.24,47.47826086956522,44.4,0
0022300323,Portland Trail Blazers,Utah Jazz,106.5,111.58333333333333,40.72727272727273,46.791666666666664,0
0022300324,Oklahoma City Thunder,Sacramento Kings,120.36363636363636,116.27272727272727,41.0,43.68181818181818,0
0022300325,Golden State Warriors,LA Clippers,115.56521739130434,114.1304347826087,47.43478260869565,44.30434782608695,0
0022300326,Charlotte Hornets,New Orleans Pelicans,113.0,114.92,42.18181818181818,44.24,0
0022300327,Detroit Pistons,Philadelphia 76ers,108.75,122.30434782608695,43.958333333333336,45.56521739130435,0
0022300328,Indiana Pacers,Washington Wizards,128.4090909090909,115.8695652173913,40.40909090909091,38.78260869565217,0
0022300329,Boston Celtics,Orlando Magic,117.34782608695652,114.04347826086956,46.65217391304348,43.52173913043478,1
0022300330,Atlanta Hawks,Toronto Raptors,122.47826086956522,112.83333333333333,44.391304347826086,45.583333333333336,1
0022300331,Los Angeles Lakers,San Antonio Spurs,113.96,109.82608695652173,44.64,43.21739130434783,0
0022300332,Houston Rockets,Memphis Grizzlies,109.76190476190476,106.43478260869566,45.904761904761905,41.69565217391305,1
0022300333,New York Knicks,Phoenix Suns,113.08695652173913,115.125,45.82608695652174,44.0,1
0022300334,Detroit Pistons,Milwaukee Bucks,108.08,123.33333333333333,43.88,43.75,0
0022300335,Charlotte Hornets,Philadelphia 76ers,112.73913043478261,122.375,42.04347826086956,45.916666666666664,0
0022300336,Atlanta Hawks,Cleveland Cavaliers,122.58333333333333,110.48,44.833333333333336,44.12,0
0022300337,Chicago Bulls,Miami Heat,109.6923076923077,112.8,42.84615384615385,41.08,0
0022300338,Indiana Pacers,Minnesota Timberwolves,128.17391304347825,113.0,40.43478260869565,45.91304347826087,0
0022300339,Brooklyn Nets,Golden State Warriors,116.25,115.45833333333333,47.708333333333336,47.25,0
0022300340,Denver Nuggets,Oklahoma City Thunder,114.61538461538461,120.47826086956522,44.53846153846154,41.130434782608695,0
0022300341,Dallas Mavericks,Portland Trail Blazers,119.41666666666667,106.82608695652173,42.0,41.08695652173913,1
0022300342,Sacramento Kings,Utah Jazz,116.78260869565217,112.0,43.82608695652174,46.72,1
0022300343,LA Clippers,New York Knicks,114.41666666666667,114.16666666666667,44.125,45.5,1
0022300344,Boston Celtics,Orlando Magic,117.79166666666667,113.91666666666667,46.125,43.583333333333336,1
0022300345,New Orleans Pelicans,San Antonio Spurs,114.8076923076923,110.625,44.42307692307692,43.291666666666664,1
0022300346,Houston Rockets,Milwaukee Bucks,109.45454545454545,124.24,46.13636363636363,43.96,0
0022300347,Phoenix Suns,Washington Wizards,115.4,116.75,43.56,39.125,1
0022300348,Golden State Warriors,Portland Trail Blazers,115.8,107.375,47.04,41.208333333333336,1
0022300349,Cleveland Cavaliers,Houston Rockets,111.11538461538461,109.8695652173913,44.30769230769231,45.47826086956522,1
0022300350,Indiana Pacers,LA Clippers,127.375,115.6,40.416666666666664,44.04,0
0022300351,Chicago Bulls,Philadelphia 76ers,109.92592592592592,122.88,42.74074074074074,45.88,1
0022300352,Atlanta Hawks,Detroit Pistons,122.44,108.3076923076923,44.4,43.57692307692308,1
0022300353,Miami Heat,Minnesota Timberwolves,113.0,113.58333333333333,40.69230769230769,45.5,0
0022300354,Charlotte Hornets,Toronto Raptors,111.45833333333333,112.48,41.791666666666664,45.04,0
0022300355,Memphis Grizzlies,Oklahoma City Thunder,106.0,120.375,41.958333333333336,41.083333333333336,0
0022300356,Dallas Mavericks,Denver Nuggets,119.88,114.70370370370371,42.2,44.592592592592595,0
0022300357,Brooklyn Nets,Utah Jazz,116.4,111.6923076923077,47.48,46.34615384615385,0
0022300358,Sacramento Kings,Washington Wizards,117.125,116.4,43.875,39.32,1
0022300359,Los Angeles Lakers,New York Knicks,114.0,114.48,44.57692307692308,45.24,0
0022300360,Memphis Grizzlies,New Orleans Pelicans,105.64,115.96296296296296,42.08,44.666666666666664,1
0022300361,Milwaukee Bucks,San Antonio Spurs,124.38461538461539,110.6,44.03846153846154,43.12,1
0022300362,Boston Celtics,Golden State Warriors,117.64,115.88461538461539,46.48,46.88461538461539,0
0022300363,Phoenix Suns,Portland Trail Blazers,115.26923076923077,107.64,43.96153846153846,41.04,0
0022300364,Cleveland Cavaliers,Utah Jazz,112.0,112.18518518518519,44.074074074074076,46.51851851851852,1
0022300365,Charlotte Hornets,Indiana Pacers,110.96,127.36,41.56,40.16,0
0022300366,Miami Heat,Orlando Magic,112.81481481481481,113.24,40.666666666666664,43.56,1
0022300367,Minnesota Timberwolves,Philadelphia 76ers,113.52,122.15384615384616,45.48,45.80769230769231,0
0022300368,Brooklyn Nets,New York Knicks,116.07692307692308,114.46153846153847,47.03846153846154,45.5,0
0022300369,Denver Nuggets,Toronto Raptors,115.25,112.53846153846153,44.642857142857146,45.26923076923077,1
0022300370,Chicago Bulls,Los Angeles Lakers,109.85714285714286,113.81481481481481,42.82142857142857,44.44444444444444,1
0022300371,Atlanta Hawks,Houston Rockets,122.73076923076923,110.70833333333333,44.23076923076923,45.541666666666664,1
0022300372,Dallas Mavericks,LA Clippers,119.26923076923077,116.96153846153847,42.23076923076923,44.11538461538461,0
0022300373,Boston Celtics,Sacramento Kings,117.96153846153847,118.16,46.80769230769231,43.8,1
0022300374,Detroit Pistons,Utah Jazz,108.88888888888889,112.32142857142857,43.2962962962963,46.214285714285715,0
0022300375,Cleveland Cavaliers,New Orleans Pelicans,112.42857142857143,115.85714285714286,44.07142857142857,44.464285714285715,0
0022300376,Chicago Bulls,San Antonio Spurs,110.34482758620689,110.92307692307692,43.0,43.46153846153846,1
0022300377,Indiana Pacers,Memphis Grizzlies,128.0,106.0,40.07692307692308,42.07692307692308,0
0022300378,Milwaukee Bucks,Orlando Magic,124.66666666666667,112.96153846153847,44.148148148148145,43.76923076923077,1
0022300379,LA Clippers,Oklahoma City Thunder,117.07407407407408,120.2,44.111111111111114,41.56,0
0022300380,Los Angeles Lakers,Minnesota Timberwolves,113.60714285714286,113.5,44.285714285714285,45.23076923076923,0
0022300381,Portland Trail Blazers,Washington Wizards,107.6923076923077,116.96153846153847,41.07692307692308,39.30769230769231,0
0022300382,Philadelphia 76ers,Toronto Raptors,122.33333333333333,112.22222222222223,45.44444444444444,45.111111111111114,1
0022300383,Brooklyn Nets,Denver Nuggets,115.55555555555556,115.17241379310344,47.111111111111114,44.689655172413794,0
0022300384,Atlanta Hawks,Miami Heat,123.14814814814815,112.89285714285714,44.22222222222222,40.607142857142854,0
0022300385,Dallas Mavericks,Houston Rockets,118.96296296296296,111.36,42.0,45.2,0
0022300386,Golden State Warriors,Washington Wizards,116.48148148148148,117.0,47.333333333333336,39.22222222222222,1
0022300387,Phoenix Suns,Sacramento Kings,114.85185185185185,118.1923076923077,44.074074074074076,43.53846153846154,0
0022300388,Milwaukee Bucks,New York Knicks,124.42857142857143,114.70370370370371,44.392857142857146,45.81481481481482,1
0022300389,Boston Celtics,LA Clippers,118.92592592592592,117.0,46.925925925925924,43.964285714285715,1
0022300390,Charlotte Hornets,Denver Nuggets,111.03846153846153,115.4,41.38461538461539,44.56666666666667,0
0022300391,Indiana Pacers,Orlando Magic,127.07407407407408,113.0,40.03703703703704,43.81481481481482,0
0022300392,Houston Rockets,New Orleans Pelicans,111.76923076923077,116.10344827586206,45.88461538461539,44.310344827586206,1
0022300393,Atlanta Hawks,Memphis Grizzlies,122.78571428571429,106.37037037037037,44.17857142857143,42.03703703703704,0
0022300394,Brooklyn Nets,Detroit Pistons,115.60714285714286,108.96428571428571,47.035714285714285,43.214285714285715,1
0022300395,Toronto Raptors,Utah Jazz,112.17857142857143,112.55172413793103,45.142857142857146,46.13793103448276,0
0022300396,Chicago Bulls,Cleveland Cavaliers,110.46666666666667,112.13793103448276,42.766666666666666,43.758620689655174,0
0022300397,Los Angeles Lakers,Oklahoma City Thunder,113.51724137931035,120.73076923076923,44.06896551724138,41.42307692307692,1
0022300398,Dallas Mavericks,San Antonio Spurs,118.14285714285714,110.33333333333333,42.17857142857143,43.370370370370374,1
0022300399,Golden State Warriors,Portland Trail Blazers,116.92857142857143,108.03703703703704,47.67857142857143,41.44444444444444,1
0022300400,Minnesota Timberwolves,Sacramento Kings,113.66666666666667,118.25925925925925,45.03703703703704,43.2962962962963,1
0022300401,Milwaukee Bucks,New York Knicks,124.62068965517241,114.57142857142857,44.689655172413794,45.642857142857146,0
0022300402,Denver Nuggets,Golden State Warriors,114.96774193548387,117.24137931034483,44.67741935483871,47.724137931034484,1
0022300403,Boston Celtics,Los Angeles Lakers,119.85714285714286,114.03333333333333,47.07142857142857,44.06666666666667,1
0022300404,Miami Heat,Philadelphia 76ers,113.20689655172414,122.28571428571429,40.86206896551724,45.17857142857143,1
0022300405,Dallas Mavericks,Phoenix Suns,119.03448275862068,114.5,42.51724137931034,44.107142857142854,1
0022300406,Brooklyn Nets,Detroit Pistons,115.96551724137932,109.17241379310344,46.724137931034484,42.96551724137931,1
0022300407,Orlando Magic,Washington Wizards,113.14285714285714,117.03571428571429,43.642857142857146,39.214285714285715,1
0022300408,Atlanta Hawks,Chicago Bulls,122.65517241379311,109.96774193548387,44.06896551724138,42.58064516129032,0
0022300409,Houston Rockets,Indiana Pacers,111.55555555555556,126.46428571428571,45.81481481481482,39.785714285714285,0
0022300410,Memphis Grizzlies,New Orleans Pelicans,107.03571428571429,115.7,42.357142857142854,44.36666666666667,1
0022300411,Minnesota Timberwolves,Oklahoma City Thunder,113.53571428571429,120.70370370370371,44.964285714285715,41.44444444444444,0
0022300412,San Antonio Spurs,Utah Jazz,110.64285714285714,113.0,43.32142857142857,45.96666666666667,0
0022300413,Portland Trail Blazers,Sacramento Kings,107.96428571428571,117.53571428571429,41.035714285714285,43.17857142857143,1
0022300414,Charlotte Hornets,LA Clippers,110.44444444444444,116.6896551724138,41.592592592592595,43.62068965517241,0
0022300415,Orlando Magic,Philadelphia 76ers,113.62068965517241,121.96551724137932,43.51724137931034,44.86206896551724,0
0022300416,Toronto Raptors,Washington Wizards,112.41379310344827,117.10344827586206,44.93103448275862,39.48275862068966,1
0022300417,Brooklyn Nets,Milwaukee Bucks,116.03333333333333,124.53333333333333,46.56666666666667,44.666666666666664,0
0022300418,Houston Rockets,Phoenix Suns,111.75,114.48275862068965,45.75,44.206896551724135,0
0022300419,New York Knicks,Oklahoma City Thunder,115.06896551724138,121.0,45.48275862068966,41.0,0
0022300420,Cleveland Cavaliers,Dallas Mavericks,112.03333333333333,119.33333333333333,43.9,42.36666666666667,1
0022300421,Boston Celtics,Detroit Pistons,120.06896551724138,109.26666666666667,46.96551724137931,43.266666666666666,1
0022300422,Chicago Bulls,Indiana Pacers,110.21875,126.34482758620689,42.75,39.96551724137931,0
0022300423,Dallas Mavericks,Minnesota Timberwolves,119.03225806451613,113.27586206896552,42.193548387096776,44.58620689655172,0
0022300424,New Orleans Pelicans,Utah Jazz,115.6774193548387,113.54838709677419,44.41935483870968,46.193548387096776,1
0022300425,Denver Nuggets,Memphis Grizzlies,115.125,107.34482758620689,44.625,42.62068965517241,1
0022300426,Golden State Warriors,Miami Heat,117.13333333333334,113.4,47.43333333333333,41.36666666666667,0
0022300427,Portland Trail Blazers,San Antonio Spurs,108.72413793103448,110.89655172413794,41.206896551724135,43.310344827586206,0
0022300428,Charlotte Hornets,Los Angeles Lakers,110.21428571428571,114.06451612903226,41.607142857142854,44.03225806451613,0
0022300429,New York Knicks,Orlando Magic,115.23333333333333,112.9,45.3,43.5,0
0022300430,Brooklyn Nets,Washington Wizards,116.2258064516129,116.6,46.58064516129032,39.3,0
0022300431,Atlanta Hawks,Sacramento Kings,122.33333333333333,117.37931034482759,43.93333333333333,43.06896551724138,0
0022300432,Boston Celtics,Toronto Raptors,120.33333333333333,113.06666666666666,46.833333333333336,45.2,1
0022300433,Cleveland Cavaliers,Milwaukee Bucks,112.06451612903226,125.16129032258064,44.32258064516129,44.54838709677419,0
0022300434,Houston Rockets,Philadelphia 76ers,111.79310344827586,121.63333333333334,45.310344827586206,44.96666666666667,0
0022300435,Denver Nuggets,Oklahoma City Thunder,115.93939393939394,121.27586206896552,44.878787878787875,40.51724137931034,0
0022300436,Charlotte Hornets,Phoenix Suns,110.27586206896552,114.96666666666667,41.6551724137931,44.2,0
0022300437,Portland Trail Blazers,San Antonio Spurs,108.6,111.13333333333334,41.733333333333334,43.266666666666666,1
0022300438,LA Clippers,Memphis Grizzlies,116.56666666666666,107.26666666666667,43.666666666666664,42.4,1
0022300439,Miami Heat,Utah Jazz,113.41935483870968,113.28125,41.45161290322581,46.0625,0
0022300440,Detroit Pistons,Toronto Raptors,109.6774193548387,113.2258064516129,43.70967741935484,44.96774193548387,1
0022300441,Indiana Pacers,New York Knicks,126.13333333333334,115.0,40.2,45.12903225806452,1
0022300442,Chicago Bulls,Philadelphia 76ers,110.03030303030303,121.93548387096774,42.878787878787875,44.483870967741936,1
0022300443,Los Angeles Lakers,Minnesota Timberwolves,114.65625,113.43333333333334,43.96875,44.36666666666667,0
0022300444,Dallas Mavericks,Golden State Warriors,118.75,116.64516129032258,42.09375,47.29032258064516,1
0022300445,Atlanta Hawks,Washington Wizards,121.93548387096774,116.38709677419355,44.16129032258065,39.41935483870968,1
0022300446,Los Angeles Lakers,New Orleans Pelicans,114.39393939393939,115.5625,43.81818181818182,44.125,0
0022300447,Brooklyn Nets,Oklahoma City Thunder,115.84375,121.2,46.8125,40.86666666666667,0
0022300448,Boston Celtics,San Antonio Spurs,120.3225806451613,111.6774193548387,47.0,43.225806451612904,1
0022300449,Memphis Grizzlies,Sacramento Kings,107.2258064516129,117.36666666666666,42.096774193548384,42.9,0
0022300450,Orlando Magic,Phoenix Suns,113.03225806451613,115.54838709677419,43.67741935483871,44.03225806451613,0
0022300451,Minnesota Timberwolves,New York Knicks,113.25806451612904,115.34375,44.38709677419355,45.03125,0
0022300452,Cleveland Cavaliers,Toronto Raptors,112.03125,113.65625,44.09375,44.59375,0
0022300453,Detroit Pistons,Houston Rockets,110.28125,112.3,43.625,45.2,0
0022300454,Indiana Pacers,Milwaukee Bucks,126.58064516129032,124.96875,40.0,44.5,1
0022300455,Charlotte Hornets,Denver Nuggets,110.56666666666666,115.26470588235294,41.13333333333333,44.61764705882353,0
0022300456,Phoenix Suns,Portland Trail Blazers,115.4375,109.41935483870968,43.75,41.774193548387096,1
0022300457,Dallas Mavericks,Utah Jazz,119.15151515151516,113.39393939393939,42.121212121212125,45.96969696969697,0
0022300458,LA Clippers,Miami Heat,116.58064516129032,113.28125,44.0,41.59375,1
0022300459,Chicago Bulls,Philadelphia 76ers,109.88235294117646,121.0,43.1764705882353,44.21875,0
0022300460,Memphis Grizzlies,San Antonio Spurs,106.75,111.34375,41.84375,43.09375,1
0022300461,Brooklyn Nets,New Orleans Pelicans,115.60606060606061,115.96969696969697,46.81818181818182,44.21212121212121,0
0022300462,Boston Celtics,Oklahoma City Thunder,120.75,121.29032258064517,47.3125,41.03225806451613,0
0022300463,Golden State Warriors,Orlando Magic,116.8125,112.84375,47.28125,43.71875,1
0022300464,Charlotte Hornets,Sacramento Kings,110.0,117.54838709677419,41.25806451612903,43.41935483870968,1
0022300465,Cleveland Cavaliers,Washington Wizards,112.3030303030303,116.6875,44.06060606060606,39.5,1
0022300466,Indiana Pacers,Milwaukee Bucks,126.4375,124.60606060606061,40.375,44.54545454545455,1
0022300467,Atlanta Hawks,Oklahoma City Thunder,122.1875,121.46875,44.59375,40.9375,1
0022300468,Chicago Bulls,New York Knicks,109.51428571428572,115.24242424242425,43.4,45.15151515151515,0
0022300469,Brooklyn Nets,Houston Rockets,114.70588235294117,113.06451612903226,46.705882352941174,45.0,0
0022300470,Memphis Grizzlies,Toronto Raptors,106.72727272727273,113.96969696969697,41.96969696969697,44.666666666666664,0
0022300471,Minnesota Timberwolves,New Orleans Pelicans,113.03125,115.8529411764706,44.0625,44.470588235294116,0
0022300472,Dallas Mavericks,Portland Trail Blazers,118.29411764705883,108.75,42.088235294117645,41.59375,1
0022300473,LA Clippers,Phoenix Suns,116.71875,115.24242424242425,43.78125,43.84848484848485,1
0022300474,Detroit Pistons,Utah Jazz,110.36363636363636,113.79411764705883,43.42424242424242,46.1764705882353,0
0022300475,Los Angeles Lakers,Miami Heat,114.23529411764706,113.0,43.55882352941177,41.39393939393939,0
0022300476,Orlando Magic,Sacramento Kings,112.9090909090909,117.125,43.63636363636363,43.5625,0
0022300477,Milwaukee Bucks,San Antonio Spurs,124.76470588235294,110.93939393939394,44.470588235294116,43.0,1
0022300478,Denver Nuggets,Golden State Warriors,115.14285714285714,116.93939393939394,44.6,46.93939393939394,1
0022300479,Boston Celtics,Utah Jazz,120.81818181818181,114.94285714285714,47.303030303030305,46.08571428571429,1
0022300480,Atlanta Hawks,Indiana Pacers,122.75757575757575,126.9090909090909,44.72727272727273,40.484848484848484,0
0022300481,Brooklyn Nets,Oklahoma City Thunder,114.31428571428572,121.96969696969697,46.8,40.81818181818182,1
0022300482,Cleveland Cavaliers,Washington Wizards,113.11764705882354,116.21212121212122,44.588235294117645,39.39393939393939,1
0022300483,New York Knicks,Philadelphia 76ers,115.26470588235294,120.66666666666667,45.35294117647059,44.18181818181818,1
0022300484,Charlotte Hornets,Chicago Bulls,110.03125,109.25,41.0625,43.27777777777778,0
0022300485,Houston Rockets,Minnesota Timberwolves,113.03125,112.81818181818181,45.09375,43.57575757575758,0
0022300486,LA Clippers,New Orleans Pelicans,117.15151515151516,115.88571428571429,43.54545454545455,44.371428571428574,1
0022300487,Dallas Mavericks,Portland Trail Blazers,118.51428571428572,108.39393939393939,42.114285714285714,41.72727272727273,1
0022300488,Denver Nuggets,Orlando Magic,115.55555555555556,113.55882352941177,44.361111111111114,43.5,0
0022300489,Miami Heat,Phoenix Suns,112.91176470588235,115.44117647058823,41.3235294117647,43.5,0
0022300490,Detroit Pistons,Golden State Warriors,111.47058823529412,117.23529411764706,43.55882352941177,46.529411764705884,0
0022300491,Los Angeles Lakers,Memphis Grizzlies,113.71428571428571,106.8529411764706,43.74285714285714,42.0,0
0022300492,Sacramento Kings,Toronto Raptors,117.75757575757575,114.02941176470588,44.0,44.705882352941174,1
0022300493,Boston Celtics,Indiana Pacers,120.97058823529412,127.58823529411765,47.55882352941177,40.44117647058823,1
0022300494,New York Knicks,Washington Wizards,115.62857142857143,115.44117647058823,45.457142857142856,39.14705882352941,1
0022300495,Philadelphia 76ers,Utah Jazz,119.82352941176471,114.44444444444444,44.0,46.388888888888886,0
0022300496,Houston Rockets,Milwaukee Bucks,112.48484848484848,124.77142857142857,44.878787878787875,44.4,1
0022300497,Cleveland Cavaliers,San Antonio Spurs,113.14285714285714,111.23529411764706,44.8,42.970588235294116,1
0022300498,Brooklyn Nets,Portland Trail Blazers,114.58333333333333,108.23529411764706,46.916666666666664,41.73529411764706,0
0022300499,Atlanta Hawks,Orlando Magic,122.55882352941177,113.8,44.55882352941177,43.4,0
0022300500,New Orleans Pelicans,Sacramento Kings,115.30555555555556,118.26470588235294,44.333333333333336,43.94117647058823,1
0022300501,Dallas Mavericks,Minnesota Timberwolves,119.08333333333333,113.08823529411765,42.388888888888886,43.8235294117647,1
0022300502,Denver Nuggets,Detroit Pistons,115.67567567567568,111.4,44.189189189189186,43.457142857142856,1
0022300503,Memphis Grizzlies,Phoenix Suns,107.42857142857143,115.37142857142857,42.05714285714286,43.51428571428571,1
0022300504,Golden State Warriors,Toronto Raptors,117.11428571428571,114.48571428571428,46.48571428571429,44.48571428571429,0
0022300505,LA Clippers,Los Angeles Lakers,116.97058823529412,113.69444444444444,43.73529411764706,43.5,0
0022300506,Charlotte Hornets,Chicago Bulls,109.45454545454545,109.10810810810811,41.09090909090909,43.21621621621622,0
0022300507,Boston Celtics,Indiana Pacers,120.88571428571429,126.82857142857142,47.8,40.371428571428574,0
0022300508,Oklahoma City Thunder,Washington Wizards,121.76470588235294,115.14285714285714,40.6764705882353,39.31428571428572,1
0022300509,Houston Rockets,Miami Heat,112.47058823529412,112.45714285714286,44.911764705882355,41.4,0
0022300510,Milwaukee Bucks,Utah Jazz,124.30555555555556,114.5945945945946,44.30555555555556,46.432432432432435,0
0022300511,LA Clippers,Phoenix Suns,116.57142857142857,115.36111111111111,43.628571428571426,43.69444444444444,1
0022300512,Detroit Pistons,Sacramento Kings,111.47222222222223,117.74285714285715,43.27777777777778,43.4,0
0022300513,Minnesota Timberwolves,Orlando Magic,112.94285714285714,113.88888888888889,44.02857142857143,43.77777777777778,1
0022300514,New York Knicks,Portland Trail Blazers,115.77777777777777,108.97142857142858,45.44444444444444,41.628571428571426,1
0022300515,Dallas Mavericks,Memphis Grizzlies,118.97297297297297,107.80555555555556,42.432432432432435,42.388888888888886,0
0022300516,Los Angeles Lakers,Toronto Raptors,113.48648648648648,115.0,43.4054054054054,44.5,1
0022300517,Boston Celtics,Minnesota Timberwolves,121.16666666666667,112.94444444444444,47.638888888888886,44.138888888888886,1
0022300518,Charlotte Hornets,Sacramento Kings,109.52941176470588,118.11111111111111,41.1764705882353,43.416666666666664,0
0022300519,Detroit Pistons,San Antonio Spurs,111.43243243243244,111.34285714285714,43.189189189189186,42.885714285714286,0
0022300520,Indiana Pacers,Washington Wizards,127.0,115.5,40.333333333333336,39.27777777777778,1
0022300521,Atlanta Hawks,Philadelphia 76ers,122.2,119.51428571428572,44.714285714285715,43.714285714285715,1
0022300522,Miami Heat,Oklahoma City Thunder,112.66666666666667,122.17142857142858,41.5,40.65714285714286,0
0022300523,Chicago Bulls,Houston Rockets,109.36842105263158,112.48571428571428,43.421052631578945,44.82857142857143,1
0022300524,Denver Nuggets,Utah Jazz,116.07894736842105,115.05263157894737,44.026315789473685,46.44736842105263,0
0022300525,Golden State Warriors,New Orleans Pelicans,117.13888888888889,115.78378378378379,46.388888888888886,44.513513513513516,0
0022300526,LA Clippers,Toronto Raptors,117.16666666666667,115.43243243243244,43.638888888888886,44.2972972972973,1
0022300527,Brooklyn Nets,Cleveland Cavaliers,114.91891891891892,113.25,46.83783783783784,44.77777777777778,0
0022300528,Boston Celtics,Milwaukee Bucks,121.32432432432432,124.08108108108108,47.5945945945946,44.13513513513514,0
0022300529,Oklahoma City Thunder,Portland Trail Blazers,122.33333333333333,108.27777777777777,40.69444444444444,41.666666666666664,1
0022300530,Dallas Mavericks,New York Knicks,118.55263157894737,115.67567567567568,42.18421052631579,45.7027027027027,1
0022300531,Los Angeles Lakers,Phoenix Suns,113.97368421052632,115.24324324324324,43.28947368421053,43.189189189189186,0
0022300532,Philadelphia 76ers,Sacramento Kings,119.86111111111111,118.24324324324324,43.916666666666664,43.67567567567568,1
0022300533,Atlanta Hawks,Indiana Pacers,122.66666666666667,126.5945945945946,45.0,40.7027027027027,0
0022300534,Detroit Pistons,Houston Rockets,111.34210526315789,112.66666666666667,43.18421052631579,44.97222222222222,0
0022300535,Miami Heat,Orlando Magic,112.86486486486487,113.29729729729729,41.4054054054054,43.83783783783784,1
0022300536,Chicago Bulls,Golden State Warriors,109.74358974358974,116.8108108108108,43.48717948717949,46.2972972972973,0
0022300537,LA Clippers,Memphis Grizzlies,117.4054054054054,108.13513513513513,43.432432432432435,42.7027027027027,1
0022300538,Minnesota Timberwolves,Portland Trail Blazers,113.13513513513513,107.43243243243244,44.21621621621622,41.67567567567568,1
0022300539,Denver Nuggets,New Orleans Pelicans,115.94871794871794,116.44736842105263,43.76923076923077,44.578947368421055,1
0022300540,Toronto Raptors,Utah Jazz,115.55263157894737,115.28205128205128,44.10526315789474,46.282051282051285,0
0022300541,Charlotte Hornets,San Antonio Spurs,109.2,111.86111111111111,41.02857142857143,42.97222222222222,0
0022300542,Boston Celtics,Houston Rockets,120.8157894736842,112.64864864864865,47.1578947368421,44.86486486486486,1
0022300543,Atlanta Hawks,Washington Wizards,122.27027027027027,115.1891891891892,44.54054054054054,39.45945945945946,0
0022300544,Memphis Grizzlies,New York Knicks,108.42105263157895,115.89473684210526,42.78947368421053,45.68421052631579,0
0022300545,Golden State Warriors,Milwaukee Bucks,117.42105263157895,124.36842105263158,46.23684210526316,44.39473684210526,0
0022300546,Oklahoma City Thunder,Orlando Magic,122.78378378378379,112.84210526315789,41.189189189189186,43.68421052631579,1
0022300547,Dallas Mavericks,New Orleans Pelicans,118.7948717948718,116.35897435897436,42.07692307692308,44.333333333333336,0
0022300548,Chicago Bulls,San Antonio Spurs,110.275,112.48648648648648,43.3,43.027027027027025,1
0022300549,Los Angeles Lakers,Utah Jazz,113.84615384615384,116.025,43.12820512820513,46.525,0
0022300550,Denver Nuggets,Indiana Pacers,116.175,126.57894736842105,43.875,40.81578947368421,1
0022300551,Charlotte Hornets,Miami Heat,108.91666666666667,112.5,41.111111111111114,41.39473684210526,0
0022300552,Milwaukee Bucks,Sacramento Kings,124.48717948717949,117.57894736842105,44.53846153846154,43.94736842105263,1
0022300553,LA Clippers,Minnesota Timberwolves,117.6842105263158,113.21052631578948,43.421052631578945,44.23684210526316,0
0022300554,Phoenix Suns,Portland Trail Blazers,115.55263157894737,107.05263157894737,43.26315789473684,41.578947368421055,1
0022300555,Houston Rockets,Philadelphia 76ers,112.65789473684211,119.64864864864865,45.0,43.972972972972975,0
0022300556,Dallas Mavericks,New Orleans Pelicans,118.525,116.4,41.875,44.325,1
0022300557,New York Knicks,Orlando Magic,115.64102564102564,112.51282051282051,45.94871794871795,43.84615384615385,0
0022300558,Detroit Pistons,Washington Wizards,111.3076923076923,115.5,43.256410256410255,39.8421052631579,1
0022300559,Atlanta Hawks,San Antonio Spurs,121.65789473684211,112.57894736842105,44.68421052631579,43.13157894736842,1
0022300560,Golden State Warriors,Memphis Grizzlies,117.43589743589743,108.05128205128206,46.1025641025641,42.58974358974359,0
0022300561,Chicago Bulls,Cleveland Cavaliers,110.5609756097561,113.1891891891892,43.390243902439025,44.83783783783784,0
0022300562,Brooklyn Nets,Miami Heat,114.57894736842105,112.28205128205128,46.68421052631579,41.46153846153846,0
0022300563,Boston Celtics,Toronto Raptors,121.43589743589743,115.48717948717949,47.23076923076923,43.76923076923077,1
0022300564,Indiana Pacers,Utah Jazz,126.12820512820512,116.41463414634147,40.717948717948715,46.65853658536585,0
0022300565,Los Angeles Lakers,Oklahoma City Thunder,114.125,122.5,43.05,41.31578947368421,1
0022300566,Denver Nuggets,Philadelphia 76ers,116.1951219512195,119.76315789473684,43.78048780487805,43.89473684210526,0
0022300567,Phoenix Suns,Sacramento Kings,115.84615384615384,118.2051282051282,43.205128205128204,44.02564102564103,1
0022300568,LA Clippers,Oklahoma City Thunder,117.35897435897436,122.05128205128206,43.17948717948718,41.282051282051285,1
0022300569,Detroit Pistons,Minnesota Timberwolves,111.75,113.1025641025641,43.475,44.15384615384615,0
0022300570,Atlanta Hawks,Orlando Magic,121.33333333333333,112.15,45.0,43.9,1
0022300571,Boston Celtics,San Antonio Spurs,121.025,112.23076923076923,47.375,43.15384615384615,1
0022300572,Cleveland Cavaliers,Milwaukee Bucks,113.07894736842105,124.95,44.921052631578945,44.425,1
0022300573,Houston Rockets,New York Knicks,112.71794871794872,115.1,45.02564102564103,45.825,0
0022300574,Miami Heat,Toronto Raptors,111.875,115.0,41.775,43.975,0
0022300575,Charlotte Hornets,New Orleans Pelicans,108.32432432432432,116.48780487804878,41.351351351351354,44.146341463414636,0
0022300576,Golden State Warriors,Utah Jazz,119.34615384615384,117.69090909090909,46.75,46.63636363636363,1
0022300577,Dallas Mavericks,Los Angeles Lakers,118.6829268292683,114.07317073170732,41.8780487804878,43.073170731707314,0
0022300578,Brooklyn Nets,Portland Trail Blazers,114.07692307692308,107.28205128205128,46.76923076923077,41.43589743589744,0
0022300579,New York Knicks,Washington Wizards,114.95121951219512,115.53846153846153,45.951219512195124,39.666666666666664,1
0022300580,Chicago Bulls,Toronto Raptors,110.0952380952381,115.14634146341463,43.38095238095238,44.0,1
0022300581,Oklahoma City Thunder,Utah Jazz,121.925,116.78571428571429,41.125,46.642857142857146,1
0022300582,Memphis Grizzlies,Minnesota Timberwolves,108.25,113.375,42.575,44.1,0
0022300583,Indiana Pacers,Sacramento Kings,125.6,118.175,40.775,43.7,1
0022300584,Charlotte Hornets,San Antonio Spurs,108.42105263157895,111.875,41.3421052631579,43.1,1
0022300585,Orlando Magic,Philadelphia 76ers,111.95121951219512,119.92307692307692,43.80487804878049,43.58974358974359,0
0022300586,Boston Celtics,Denver Nuggets,120.92682926829268,116.30952380952381,47.53658536585366,43.833333333333336,0
0022300587,Atlanta Hawks,Miami Heat,120.95,111.51219512195122,44.9,41.65853658536585,1
0022300588,New Orleans Pelicans,Phoenix Suns,116.85714285714286,115.925,44.285714285714285,43.275,0
0022300589,Dallas Mavericks,Golden State Warriors,118.70270270270271,117.97297297297297,42.62162162162162,46.770270270270274,0
0022300590,Indiana Pacers,Portland Trail Blazers,125.60975609756098,107.225,40.609756097560975,41.425,0
0022300591,Brooklyn Nets,Los Angeles Lakers,113.8,114.38095238095238,46.425,43.11904761904762,1
0022300592,Detroit Pistons,Milwaukee Bucks,111.8780487804878,124.21951219512195,43.390243902439025,44.21951219512195,0
0022300593,Charlotte Hornets,Philadelphia 76ers,108.82051282051282,120.025,41.30769230769231,43.55,0
0022300594,San Antonio Spurs,Washington Wizards,112.07317073170732,115.375,42.8780487804878,39.825,1
0022300595,Atlanta Hawks,Cleveland Cavaliers,120.65853658536585,113.64102564102564,44.73170731707317,45.17948717948718,0
0022300596,New York Knicks,Toronto Raptors,114.9047619047619,115.02380952380952,45.976190476190474,43.857142857142854,1
0022300597,Chicago Bulls,Memphis Grizzlies,110.23255813953489,108.1219512195122,43.348837209302324,42.36585365853659,1
0022300598,Houston Rockets,Utah Jazz,112.25,117.06976744186046,44.85,46.44186046511628,1
0022300599,Minnesota Timberwolves,Oklahoma City Thunder,113.48780487804878,122.21951219512195,43.97560975609756,41.048780487804876,0
0022300600,Brooklyn Nets,LA Clippers,114.1951219512195,117.625,46.292682926829265,43.075,0
0022300601,Miami Heat,Orlando Magic,111.42857142857143,111.88095238095238,41.714285714285715,43.61904761904762,0
0022300602,Denver Nuggets,Washington Wizards,115.97674418604652,115.65853658536585,43.906976744186046,39.97560975609756,1
0022300603,Boston Celtics,Houston Rockets,120.42857142857143,112.60975609756098,47.30952380952381,45.1219512195122,1
0022300604,Indiana Pacers,Phoenix Suns,125.35714285714286,116.09756097560975,40.523809523809526,43.390243902439025,0
0022300605,Los Angeles Lakers,Portland Trail Blazers,114.32558139534883,107.48780487804878,43.13953488372093,41.5609756097561,1
0022300606,Detroit Pistons,Milwaukee Bucks,112.42857142857143,124.61904761904762,43.30952380952381,44.333333333333336,0
0022300607,Cleveland Cavaliers,Orlando Magic,113.7,111.72093023255815,45.275,43.627906976744185,1
0022300608,Philadelphia 76ers,San Antonio Spurs,119.46341463414635,112.52380952380952,43.609756097560975,43.023809523809526,1
0022300609,Memphis Grizzlies,Toronto Raptors,107.83333333333333,114.67441860465117,42.11904761904762,43.55813953488372,1
0022300610,Charlotte Hornets,Minnesota Timberwolves,108.325,113.0952380952381,41.45,44.11904761904762,1
0022300611,Boston Celtics,Dallas Mavericks,120.32558139534883,118.47619047619048,47.48837209302326,41.904761904761905,1
0022300612,Chicago Bulls,Phoenix Suns,110.56818181818181,116.11904761904762,43.54545454545455,43.404761904761905,0
0022300613,Atlanta Hawks,Sacramento Kings,120.04761904761905,118.2439024390244,44.73809523809524,43.5609756097561,0
0022300614,Denver Nuggets,Indiana Pacers,115.9090909090909,125.0,44.04545454545455,40.51162790697674,1
0022300615,Brooklyn Nets,New York Knicks,114.19047619047619,115.16279069767442,46.04761904761905,46.325581395348834,0
0022300616,New Orleans Pelicans,Utah Jazz,116.67441860465117,117.27272727272727,44.23255813953488,46.72727272727273,1
0022300617,Oklahoma City Thunder,Portland Trail Blazers,121.73809523809524,107.54761904761905,40.95238095238095,41.404761904761905,1
0022300618,LA Clippers,Los Angeles Lakers,117.8048780487805,114.77272727272727,43.1219512195122,43.18181818181818,1
0022300619,Charlotte Hornets,Detroit Pistons,108.8048780487805,112.44186046511628,41.292682926829265,43.27906976744186,0
0022300620,Minnesota Timberwolves,Washington Wizards,113.37209302325581,115.38095238095238,43.93023255813954,39.976190476190474,1
0022300621,Memphis Grizzlies,Miami Heat,107.83720930232558,110.86046511627907,42.23255813953488,41.58139534883721,1
0022300622,Oklahoma City Thunder,San Antonio Spurs,121.48837209302326,112.76744186046511,41.0,43.02325581395349,1
0022300623,Houston Rockets,Portland Trail Blazers,112.47619047619048,107.5813953488372,45.214285714285715,41.51162790697674,0
0022300624,Cleveland Cavaliers,Milwaukee Bucks,114.0,124.55813953488372,45.1219512195122,44.44186046511628,0
0022300625,Dallas Mavericks,Phoenix Suns,118.27906976744185,116.09302325581395,42.04651162790697,43.30232558139535,0
0022300626,Atlanta Hawks,Golden State Warriors,119.74418604651163,117.175,44.86046511627907,46.075,0
0022300627,Indiana Pacers,Philadelphia 76ers,124.63636363636364,119.78571428571429,40.45454545454545,43.714285714285715,1
0022300628,Utah Jazz,Washington Wizards,117.42222222222222,115.18604651162791,46.53333333333333,40.18604651162791,1
0022300629,Brooklyn Nets,Minnesota Timberwolves,113.93023255813954,113.47727272727273,45.906976744186046,44.02272727272727,0
0022300630,Boston Celtics,Miami Heat,120.29545454545455,110.52272727272727,47.40909090909091,41.63636363636363,1
0022300631,Denver Nuggets,New York Knicks,115.86666666666666,115.0,44.0,46.22727272727273,0
0022300632,Golden State Warriors,Sacramento Kings,117.58536585365853,118.33333333333333,46.146341463414636,43.73809523809524,0
0022300633,Chicago Bulls,Los Angeles Lakers,110.62222222222222,114.8,43.62222222222222,43.13333333333333,0
0022300634,Atlanta Hawks,Dallas Mavericks,119.56818181818181,118.06818181818181,44.86363636363637,41.84090909090909,0
0022300635,Charlotte Hornets,Houston Rockets,108.73809523809524,112.90697674418605,41.45238095238095,45.02325581395349,0
0022300636,Indiana Pacers,Phoenix Suns,124.84444444444445,116.45454545454545,40.77777777777778,43.43181818181818,1
0022300637,LA Clippers,Toronto Raptors,118.02380952380952,114.3409090909091,42.95238095238095,43.63636363636363,1
0022300638,Memphis Grizzlies,Orlando Magic,107.77272727272727,111.43181818181819,42.27272727272727,43.40909090909091,1
0022300639,Cleveland Cavaliers,Milwaukee Bucks,114.04761904761905,124.5909090909091,44.976190476190474,44.47727272727273,1
0022300640,New Orleans Pelicans,Oklahoma City Thunder,117.5,121.9090909090909,44.52272727272727,41.13636363636363,0
0022300641,Portland Trail Blazers,San Antonio Spurs,108.25,112.79545454545455,41.65909090909091,42.90909090909091,0
0022300642,Detroit Pistons,Washington Wizards,112.45454545454545,115.02272727272727,43.29545454545455,40.06818181818182,0
0022300643,Miami Heat,New York Knicks,110.5111111111111,115.15555555555555,41.4,46.17777777777778,0
0022300644,Denver Nuggets,Philadelphia 76ers,115.17391304347827,119.83720930232558,43.91304347826087,43.41860465116279,1
0022300645,Brooklyn Nets,Houston Rockets,113.47727272727273,113.47727272727273,45.59090909090909,45.20454545454545,1
0022300646,Boston Celtics,LA Clippers,120.8,118.23255813953489,47.4,43.116279069767444,0
0022300647,Charlotte Hornets,Utah Jazz,108.62790697674419,117.54347826086956,41.23255813953488,46.65217391304348,0
0022300648,Milwaukee Bucks,New Orleans Pelicans,124.04444444444445,116.73333333333333,44.62222222222222,44.44444444444444,1
0022300649,Minnesota Timberwolves,San Antonio Spurs,113.08888888888889,112.86666666666666,43.888888888888886,43.266666666666666,0
0022300650,Golden State Warriors,Los Angeles Lakers,117.95238095238095,115.3695652173913,45.833333333333336,42.84782608695652,0
0022300651,Dallas Mavericks,Sacramento Kings,118.73333333333333,118.69767441860465,41.733333333333334,43.51162790697674,0
0022300652,Indiana Pacers,Memphis Grizzlies,125.02173913043478,107.75555555555556,40.93478260869565,42.28888888888889,1
0022300653,Atlanta Hawks,Toronto Raptors,120.08888888888889,114.17777777777778,44.666666666666664,43.666666666666664,1
0022300654,Detroit Pistons,Oklahoma City Thunder,112.26666666666667,121.57777777777778,43.333333333333336,41.22222222222222,1
0022300655,Orlando Magic,Phoenix Suns,111.31111111111112,116.77777777777777,43.333333333333336,43.31111111111111,1
0022300656,Chicago Bulls,Portland Trail Blazers,111.08695652173913,108.06666666666666,43.52173913043478,41.55555555555556,1
0022300657,Charlotte Hornets,New York Knicks,108.93181818181819,115.3695652173913,41.09090909090909,46.17391304347826,0
0022300658,Cleveland Cavaliers,LA Clippers,114.0,118.1590909090909,45.116279069767444,43.45454545454545,1
0022300659,Boston Celtics,New Orleans Pelicans,120.26086956521739,116.73913043478261,47.5,44.41304347826087,1
0022300660,Brooklyn Nets,Utah Jazz,113.31111111111112,117.8936170212766,45.46666666666667,46.702127659574465,1
0022300661,Miami Heat,Phoenix Suns,110.47826086956522,116.3695652173913,41.32608695652174,43.21739130434783,0
0022300662,Houston Rockets,Los Angeles Lakers,113.26666666666667,116.0,45.422222222222224,43.1063829787234,1
0022300663,Memphis Grizzlies,Sacramento Kings,107.80434782608695,118.72727272727273,42.34782608695652,43.40909090909091,0
0022300664,Minnesota Timberwolves,Oklahoma City Thunder,113.06521739130434,121.19565217391305,43.630434782608695,41.26086956521739,1
0022300665,San Antonio Spurs,Washington Wizards,112.8695652173913,115.08888888888889,43.17391304347826,40.28888888888889,0
0022300666,Dallas Mavericks,Orlando Magic,118.65217391304348,111.34782608695652,41.76086956521739,43.26086956521739,1
0022300667,Denver Nuggets,Milwaukee Bucks,115.08510638297872,124.41304347826087,43.91489361702128,44.630434782608695,1
0022300668,Philadelphia 76ers,Portland Trail Blazers,119.5,107.80434782608695,43.31818181818182,41.69565217391305,0
0022300669,Atlanta Hawks,Los Angeles Lakers,120.21739130434783,116.0625,44.80434782608695,42.9375,1
0022300670,Boston Celtics,Indiana Pacers,120.2127659574468,124.82978723404256,47.340425531914896,41.0,1
0022300671,New York Knicks,Utah Jazz,115.31914893617021,117.8125,46.08510638297872,46.645833333333336,1
0022300672,Chicago Bulls,Toronto Raptors,110.93617021276596,114.41304347826087,43.4468085106383,43.71739130434783,0
0022300673,Golden State Warriors,Philadelphia 76ers,118.55813953488372,119.15555555555555,45.93023255813954,43.111111111111114,1
0022300674,Charlotte Hornets,Chicago Bulls,108.55555555555556,110.85416666666667,41.08888888888889,43.229166666666664,0
0022300675,Cleveland Cavaliers,Detroit Pistons,114.0909090909091,112.43478260869566,45.13636363636363,43.54347826086956,1
0022300676,LA Clippers,Washington Wizards,117.93333333333334,115.15217391304348,43.31111111111111,40.391304347826086,1
0022300677,Brooklyn Nets,Phoenix Suns,114.04347826086956,116.40425531914893,45.56521739130435,43.297872340425535,0
0022300678,Miami Heat,Sacramento Kings,110.36170212765957,118.37777777777778,41.38297872340426,43.577777777777776,1
0022300679,Houston Rockets,New Orleans Pelicans,113.73913043478261,116.63829787234043,45.65217391304348,44.319148936170215,0
0022300680,Dallas Mavericks,Minnesota Timberwolves,118.91489361702128,112.93617021276596,41.61702127659574,43.659574468085104,0
0022300681,Orlando Magic,San Antonio Spurs,111.72340425531915,112.87234042553192,43.08510638297872,43.02127659574468,1
0022300682,Denver Nuggets,Oklahoma City Thunder,115.04166666666667,120.76595744680851,43.979166666666664,41.191489361702125,0
0022300683,Milwaukee Bucks,Portland Trail Blazers,124.04255319148936,108.27659574468085,44.53191489361702,41.638297872340424,0
0022300684,Boston Celtics,Los Angeles Lakers,120.39583333333333,116.18367346938776,47.1875,42.816326530612244,0
0022300685,Indiana Pacers,New York Knicks,124.8125,115.375,41.1875,46.0625,0
0022300686,Philadelphia 76ers,Utah Jazz,118.8913043478261,117.51020408163265,43.02173913043478,46.57142857142857,1
0022300687,Cleveland Cavaliers,Memphis Grizzlies,114.4,107.51063829787235,44.86666666666667,42.234042553191486,1
0022300688,Detroit Pistons,LA Clippers,112.61702127659575,118.08695652173913,43.361702127659576,43.5,0
0022300689,Miami Heat,Washington Wizards,110.45833333333333,115.02127659574468,41.541666666666664,40.48936170212766,1
0022300690,Atlanta Hawks,Phoenix Suns,120.59574468085107,116.8125,44.829787234042556,43.270833333333336,1
0022300691,Indiana Pacers,Sacramento Kings,124.40816326530613,118.1086956521739,41.244897959183675,43.58695652173913,0
0022300692,Houston Rockets,Toronto Raptors,113.42553191489361,114.48936170212765,45.297872340425535,43.59574468085106,1
0022300693,Golden State Warriors,Memphis Grizzlies,118.56818181818181,107.375,45.84090909090909,42.25,1
0022300694,Minnesota Timberwolves,Orlando Magic,113.10416666666667,111.64583333333333,43.6875,43.125,0
0022300695,Charlotte Hornets,Oklahoma City Thunder,108.58695652173913,120.4375,41.06521739130435,41.4375,0
0022300696,New Orleans Pelicans,San Antonio Spurs,116.5,112.5625,44.5625,42.979166666666664,1
0022300697,Denver Nuggets,Portland Trail Blazers,114.73469387755102,108.5,44.04081632653061,41.583333333333336,1
0022300698,Brooklyn Nets,Philadelphia 76ers,114.17021276595744,119.06382978723404,45.170212765957444,42.95744680851064,1
0022300699,Atlanta Hawks,Golden State Warriors,120.77083333333333,118.62222222222222,44.791666666666664,45.84444444444444,1
0022300700,Chicago Bulls,Sacramento Kings,110.9795918367347,118.42553191489361,43.244897959183675,43.46808510638298,0
0022300701,Los Angeles Lakers,New York Knicks,116.14,115.24489795918367,43.0,46.3469387755102,1
0022300702,Dallas Mavericks,Milwaukee Bucks,118.25,123.875,41.395833333333336,44.416666666666664,0
0022300703,Cleveland Cavaliers,San Antonio Spurs,114.26086956521739,112.57142857142857,44.93478260869565,43.224489795918366,1
0022300704,Detroit Pistons,Orlando Magic,112.875,111.57142857142857,43.25,43.10204081632653,0
0022300705,Phoenix Suns,Washington Wizards,116.87755102040816,114.75,43.16326530612245,40.541666666666664,1
0022300706,Boston Celtics,Memphis Grizzlies,120.08163265306122,107.24489795918367,47.326530612244895,42.142857142857146,1
0022300707,Charlotte Hornets,Indiana Pacers,108.53191489361703,124.36,40.93617021276596,41.2,0
0022300708,LA Clippers,Miami Heat,118.46808510638297,110.44897959183673,43.340425531914896,41.89795918367347,1
0022300709,Houston Rockets,Minnesota Timberwolves,113.875,112.95918367346938,45.375,43.57142857142857,0
0022300710,Oklahoma City Thunder,Toronto Raptors,120.55102040816327,114.3125,41.48979591836735,43.458333333333336,1
0022300711,Milwaukee Bucks,Utah Jazz,123.9795918367347,117.64,44.244897959183675,46.5,0
0022300712,Denver Nuggets,Portland Trail Blazers,114.84,108.48979591836735,44.12,41.48979591836735,1
0022300713,Charlotte Hornets,Los Angeles Lakers,108.33333333333333,116.07843137254902,40.979166666666664,42.90196078431372,0
0022300714,Cleveland Cavaliers,Sacramento Kings,114.31914893617021,118.52083333333333,45.06382978723404,43.395833333333336,1
0022300715,Dallas Mavericks,Philadelphia 76ers,118.22448979591837,119.10416666666667,41.40816326530612,42.979166666666664,1
0022300716,Atlanta Hawks,LA Clippers,121.18367346938776,118.14583333333333,45.04081632653061,43.4375,0
0022300717,Brooklyn Nets,Golden State Warriors,114.625,118.95652173913044,45.333333333333336,46.08695652173913,0
0022300718,New Orleans Pelicans,Toronto Raptors,116.44897959183673,114.57142857142857,44.44897959183673,43.55102040816327,1
0022300719,Houston Rockets,Indiana Pacers,113.38775510204081,124.17647058823529,45.285714285714285,41.35294117647059,0
0022300720,Brooklyn Nets,Dallas Mavericks,114.28571428571429,118.22,45.183673469387756,41.46,0
0022300721,Miami Heat,Orlando Magic,110.14,111.56,41.96,42.98,1
0022300722,Memphis Grizzlies,New York Knicks,106.92,115.04,42.22,46.44,0
0022300723,Chicago Bulls,Minnesota Timberwolves,111.06,112.92,43.32,43.86,1
0022300724,Oklahoma City Thunder,Utah Jazz,120.84,117.74509803921569,41.56,46.6078431372549,0
0022300725,Milwaukee Bucks,Phoenix Suns,123.66,117.34,44.0,43.14,0
0022300726,Charlotte Hornets,Toronto Raptors,108.53061224489795,114.28,40.83673469387755,43.44,0
0022300727,Golden State Warriors,Philadelphia 76ers,118.74468085106383,118.75510204081633,46.38297872340426,43.142857142857146,1
0022300728,Cleveland Cavaliers,Washington Wizards,114.77083333333333,114.6938775510204,45.0625,40.42857142857143,1
0022300729,Atlanta Hawks,Boston Celtics,121.64,120.3,44.92,47.52,0
0022300730,Miami Heat,San Antonio Spurs,110.3529411764706,112.34,42.01960784313726,43.44,1
0022300731,LA Clippers,New Orleans Pelicans,118.77551020408163,116.88,43.285714285714285,44.58,0
0022300732,Detroit Pistons,Sacramento Kings,112.59183673469387,118.34693877551021,43.10204081632653,43.326530612244895,1
0022300733,Golden State Warriors,Indiana Pacers,118.91666666666667,124.32692307692308,46.5,41.03846153846154,1
0022300734,Orlando Magic,San Antonio Spurs,111.23529411764706,112.17647058823529,42.90196078431372,43.490196078431374,1
0022300735,Brooklyn Nets,Cleveland Cavaliers,114.14,114.75510204081633,45.14,45.08163265306123,0
0022300736,Dallas Mavericks,New York Knicks,118.23529411764706,115.19607843137256,41.529411764705884,46.254901960784316,1
0022300737,Chicago Bulls,Memphis Grizzlies,111.41176470588235,107.03921568627452,43.411764705882355,42.07843137254902,1
0022300738,Milwaukee Bucks,Minnesota Timberwolves,123.31372549019608,113.11764705882354,44.0,43.8235294117647,0
0022300739,Phoenix Suns,Utah Jazz,117.27450980392157,117.86538461538461,43.254901960784316,46.63461538461539,1
0022300740,Denver Nuggets,Los Angeles Lakers,114.7843137254902,116.23076923076923,44.07843137254902,43.0,1
0022300741,Detroit Pistons,Portland Trail Blazers,113.0,108.38,43.2,41.5,1
0022300742,Atlanta Hawks,Philadelphia 76ers,121.54901960784314,118.46,45.0,43.08,1
0022300743,Boston Celtics,Washington Wizards,120.3921568627451,114.52,47.470588235294116,40.56,1
0022300744,Houston Rockets,Toronto Raptors,113.7,114.45098039215686,45.34,43.3921568627451,0
0022300745,Charlotte Hornets,Milwaukee Bucks,108.7,122.96153846153847,40.78,43.82692307692308,0
0022300746,Denver Nuggets,Sacramento Kings,114.76923076923077,118.38,44.19230769230769,43.12,0
0022300747,Los Angeles Lakers,New Orleans Pelicans,116.0377358490566,116.88235294117646,42.924528301886795,44.450980392156865,1
0022300748,Dallas Mavericks,Oklahoma City Thunder,118.3076923076923,120.76470588235294,41.5,41.372549019607845,1
0022300749,Detroit Pistons,LA Clippers,113.29411764705883,118.52,43.23529411764706,43.16,0
0022300750,Brooklyn Nets,San Antonio Spurs,113.76470588235294,112.15384615384616,44.92156862745098,43.17307692307692,1
0022300751,Charlotte Hornets,Memphis Grizzlies,108.2156862745098,107.09615384615384,40.92156862745098,41.92307692307692,1
0022300752,Chicago Bulls,Orlando Magic,111.53846153846153,111.53846153846153,43.46153846153846,42.82692307692308,0
0022300753,Philadelphia 76ers,Washington Wizards,118.50980392156863,114.80392156862744,43.19607843137255,40.529411764705884,1
0022300754,Atlanta Hawks,Houston Rockets,121.65384615384616,113.50980392156863,44.90384615384615,45.3921568627451,1
0022300755,Indiana Pacers,New York Knicks,124.0377358490566,115.0576923076923,40.83018867924528,46.25,1
0022300756,Cleveland Cavaliers,Toronto Raptors,114.82,114.3076923076923,45.14,43.34615384615385,1
0022300757,Golden State Warriors,Phoenix Suns,119.16326530612245,117.5,46.55102040816327,43.13461538461539,1
0022300758,New Orleans Pelicans,Portland Trail Blazers,116.98076923076923,108.6470588235294,44.38461538461539,41.431372549019606,1
0022300759,Boston Celtics,Miami Heat,120.63461538461539,110.46153846153847,47.5,42.07692307692308,1
0022300760,Oklahoma City Thunder,Sacramento Kings,120.57692307692308,118.70588235294117,41.34615384615385,43.09803921568628,1
0022300761,Charlotte Hornets,Indiana Pacers,108.34615384615384,124.05555555555556,40.96153846153846,40.833333333333336,1
0022300762,Cleveland Cavaliers,Philadelphia 76ers,114.90196078431373,118.51923076923077,45.1764705882353,43.28846153846154,0
0022300763,Atlanta Hawks,Chicago Bulls,121.66037735849056,111.47169811320755,44.83018867924528,43.45283018867924,0
0022300764,San Antonio Spurs,Toronto Raptors,111.98113207547169,113.94339622641509,43.132075471698116,43.283018867924525,1
0022300765,Houston Rockets,New York Knicks,113.5,114.98113207547169,45.63461538461539,45.9811320754717,1
0022300766,Memphis Grizzlies,New Orleans Pelicans,107.0754716981132,116.52830188679245,41.735849056603776,44.22641509433962,0
0022300767,Denver Nuggets,Milwaukee Bucks,114.60377358490567,122.90566037735849,44.0188679245283,44.0,0
0022300768,Dallas Mavericks,Washington Wizards,118.83018867924528,114.76923076923077,41.735849056603776,40.5,1
0022300769,Golden State Warriors,Utah Jazz,119.04,117.81132075471699,46.66,46.735849056603776,1
0022300770,LA Clippers,Minnesota Timberwolves,118.3921568627451,113.42307692307692,43.0,43.80769230769231,0
0022300771,Boston Celtics,Brooklyn Nets,120.43396226415095,113.9423076923077,47.39622641509434,44.84615384615385,1
0022300772,Oklahoma City Thunder,Orlando Magic,120.69811320754717,111.58490566037736,41.24528301886792,42.924528301886795,1
0022300773,Miami Heat,Milwaukee Bucks,110.37735849056604,122.70370370370371,42.132075471698116,44.129629629629626,1
0022300774,Phoenix Suns,Sacramento Kings,117.39622641509433,118.59615384615384,43.113207547169814,43.03846153846154,1
0022300775,Minnesota Timberwolves,Portland Trail Blazers,113.56603773584905,108.17307692307692,43.75471698113208,41.44230769230769,1
0022300776,Detroit Pistons,Los Angeles Lakers,113.15384615384616,116.46296296296296,43.5,42.72222222222222,0
0022300777,Atlanta Hawks,Charlotte Hornets,121.74074074074075,108.39622641509433,44.907407407407405,41.056603773584904,0
0022300778,New York Knicks,Orlando Magic,114.75925925925925,111.61111111111111,46.074074074074076,43.01851851851852,0
0022300779,Miami Heat,Philadelphia 76ers,110.61111111111111,118.60377358490567,42.22222222222222,43.264150943396224,1
0022300780,Boston Celtics,Brooklyn Nets,120.38888888888889,113.86792452830188,47.24074074074074,44.698113207547166,1
0022300781,Chicago Bulls,Cleveland Cavaliers,111.92592592592592,115.01923076923077,43.44444444444444,45.13461538461539,0
0022300782,Indiana Pacers,Toronto Raptors,123.65454545454546,113.66666666666667,40.67272727272727,43.351851851851855,1
0022300783,Houston Rockets,Memphis Grizzlies,113.33962264150944,106.70370370370371,45.509433962264154,41.629629629629626,0
0022300784,New Orleans Pelicans,Washington Wizards,116.14814814814815,114.56603773584905,44.31481481481482,40.716981132075475,1
0022300785,Dallas Mavericks,San Antonio Spurs,118.70370370370371,112.16666666666667,42.0,43.18518518518518,1
0022300786,Denver Nuggets,Sacramento Kings,114.24074074074075,118.71698113207547,44.092592592592595,43.16981132075472,0
0022300787,Detroit Pistons,Phoenix Suns,113.11320754716981,117.62962962962963,43.62264150943396,43.03703703703704,0
0022300788,Los Angeles Lakers,Utah Jazz,116.61818181818182,117.61111111111111,42.8,46.68518518518518,1
0022300789,Golden State Warriors,LA Clippers,119.23529411764706,118.03846153846153,46.745098039215684,42.86538461538461,0
0022300790,Memphis Grizzlies,Milwaukee Bucks,106.96363636363637,122.23636363636363,41.70909090909091,44.018181818181816,1
0022300791,Minnesota Timberwolves,Portland Trail Blazers,113.70370370370371,108.18867924528301,43.7037037037037,41.490566037735846,1
0022300792,Cleveland Cavaliers,Orlando Magic,114.88679245283019,111.72727272727273,44.9622641509434,42.85454545454545,0
0022300793,Detroit Pistons,Indiana Pacers,112.87037037037037,123.71428571428571,43.7037037037037,40.642857142857146,0
0022300794,New York Knicks,Philadelphia 76ers,114.49090909090908,118.33333333333333,45.85454545454545,43.18518518518518,1
0022300795,Brooklyn Nets,Toronto Raptors,113.35185185185185,113.87272727272727,44.44444444444444,43.58181818181818,0
0022300796,Dallas Mavericks,Phoenix Suns,118.65454545454546,117.6,42.236363636363635,43.236363636363635,1
0022300797,Boston Celtics,Chicago Bulls,120.67272727272727,111.8,47.30909090909091,43.45454545454545,1
0022300798,Houston Rockets,New Orleans Pelicans,113.33333333333333,116.45454545454545,45.7037037037037,44.21818181818182,0
0022300799,LA Clippers,Oklahoma City Thunder,118.26415094339623,120.81481481481481,42.9622641509434,41.05555555555556,0
0022300800,Denver Nuggets,Washington Wizards,113.94545454545455,114.77777777777777,44.10909090909091,40.74074074074074,1
0022300801,Charlotte Hornets,Utah Jazz,108.64814814814815,118.03571428571429,41.148148148148145,46.660714285714285,1
0022300802,Golden State Warriors,Los Angeles Lakers,119.73584905660377,117.0,46.64150943396226,42.69642857142857,1
0022300803,Sacramento Kings,San Antonio Spurs,118.4074074074074,111.81818181818181,43.25925925925926,43.2,1
0022300804,Atlanta Hawks,Toronto Raptors,121.32727272727273,114.0,44.90909090909091,43.607142857142854,0
0022300805,Cleveland Cavaliers,Philadelphia 76ers,114.77777777777777,117.92727272727272,44.74074074074074,43.09090909090909,0
0022300806,Houston Rockets,Phoenix Suns,113.18181818181819,117.51785714285714,45.67272727272727,43.19642857142857,1
0022300807,LA Clippers,Memphis Grizzlies,118.05555555555556,107.07142857142857,42.94444444444444,41.67857142857143,1
0022300808,Milwaukee Bucks,Minnesota Timberwolves,122.01785714285714,113.96363636363637,44.017857142857146,43.85454545454545,1
0022300809,Oklahoma City Thunder,Washington Wizards,120.96363636363637,114.69090909090909,41.10909090909091,40.72727272727273,1
0022300810,Miami Heat,New Orleans Pelicans,110.58181818181818,116.64285714285714,42.236363636363635,44.19642857142857,1
0022300811,Charlotte Hornets,Golden State Warriors,108.76363636363637,119.88888888888889,41.163636363636364,46.666666666666664,0
0022300812,Denver Nuggets,Portland Trail Blazers,114.23214285714286,107.87037037037037,44.392857142857146,41.370370370370374,1
0022300813,Los Angeles Lakers,San Antonio Spurs,116.87719298245614,112.0,42.666666666666664,43.17857142857143,1
0022300814,Detroit Pistons,Orlando Magic,112.9090909090909,111.80357142857143,43.654545454545456,42.67857142857143,0
0022300815,Brooklyn Nets,Minnesota Timberwolves,112.98181818181818,113.83928571428571,44.345454545454544,44.0,0
0022300816,Boston Celtics,New York Knicks,120.82142857142857,114.41071428571429,47.107142857142854,45.839285714285715,1
0022300817,Milwaukee Bucks,Philadelphia 76ers,121.84210526315789,117.67857142857143,44.07017543859649,43.232142857142854,1
0022300818,Los Angeles Lakers,Phoenix Suns,116.98275862068965,117.3859649122807,42.724137931034484,43.45614035087719,0
0022300819,Dallas Mavericks,Indiana Pacers,118.73214285714286,123.80701754385964,42.17857142857143,40.666666666666664,0
0022300820,Cleveland Cavaliers,Washington Wizards,114.45454545454545,114.53571428571429,44.70909090909091,40.767857142857146,1
0022300821,Atlanta Hawks,Orlando Magic,121.32142857142857,111.80701754385964,45.07142857142857,42.73684210526316,1
0022300822,Houston Rockets,Oklahoma City Thunder,113.19642857142857,121.42857142857143,45.82142857142857,41.375,0
0022300823,Chicago Bulls,New Orleans Pelicans,111.80357142857143,116.26315789473684,43.482142857142854,44.36842105263158,1
0022300824,Denver Nuggets,Golden State Warriors,114.45614035087719,119.47272727272727,44.40350877192982,46.78181818181818,1
0022300825,San Antonio Spurs,Utah Jazz,112.10526315789474,117.84210526315789,43.24561403508772,46.78947368421053,0
0022300826,Charlotte Hornets,Portland Trail Blazers,108.32142857142857,107.94545454545455,41.19642857142857,41.43636363636364,1
0022300827,LA Clippers,Sacramento Kings,117.74545454545455,118.56363636363636,43.09090909090909,43.236363636363635,0
0022300828,Detroit Pistons,New York Knicks,112.83928571428571,114.19298245614036,43.517857142857146,45.719298245614034,0
0022300829,Indiana Pacers,Toronto Raptors,123.96551724137932,114.15789473684211,40.758620689655174,43.666666666666664,0
0022300830,Brooklyn Nets,Memphis Grizzlies,112.5,106.85964912280701,44.55357142857143,41.666666666666664,1
0022300831,Miami Heat,Sacramento Kings,110.5,118.64285714285714,42.30357142857143,43.19642857142857,1
0022300832,Cleveland Cavaliers,Dallas Mavericks,114.44642857142857,118.59649122807018,44.75,42.10526315789474,1
0022300833,Brooklyn Nets,Orlando Magic,112.47368421052632,111.46551724137932,44.578947368421055,42.87931034482759,0
0022300834,Golden State Warriors,Washington Wizards,119.17857142857143,114.36842105263158,46.69642857142857,40.75438596491228,1
0022300835,Atlanta Hawks,Utah Jazz,121.10526315789474,118.01724137931035,45.05263157894737,46.63793103448276,1
0022300836,Boston Celtics,Philadelphia 76ers,120.73684210526316,117.33333333333333,46.91228070175438,43.19298245614035,1
0022300837,New Orleans Pelicans,New York Knicks,116.08620689655173,114.17241379310344,44.44827586206897,45.689655172413794,1
0022300838,Minnesota Timberwolves,San Antonio Spurs,113.6140350877193,112.05172413793103,44.12280701754386,43.293103448275865,1
0022300839,Chicago Bulls,Detroit Pistons,111.84210526315789,112.80701754385964,43.578947368421055,43.49122807017544,0
0022300840,Charlotte Hornets,Milwaukee Bucks,108.05263157894737,121.79310344827586,41.19298245614035,44.12068965517241,0
0022300841,Houston Rockets,Oklahoma City Thunder,113.14035087719299,121.45614035087719,45.89473684210526,41.49122807017544,0
0022300842,Miami Heat,Portland Trail Blazers,110.6842105263158,107.44642857142857,42.24561403508772,41.69642857142857,1
0022300843,Indiana Pacers,New Orleans Pelicans,123.9322033898305,116.0677966101695,40.79661016949152,44.440677966101696,1
0022300844,Dallas Mavericks,Toronto Raptors,118.60344827586206,114.43103448275862,42.0,43.689655172413794,1
0022300845,Memphis Grizzlies,Minnesota Timberwolves,106.5,113.62068965517241,41.63793103448276,44.1551724137931,0
0022300846,Chicago Bulls,Cleveland Cavaliers,111.55172413793103,114.56140350877193,43.5,44.78947368421053,1
0022300847,Denver Nuggets,Sacramento Kings,114.53448275862068,118.49122807017544,44.41379310344828,43.1578947368421,1
0022300848,LA Clippers,Los Angeles Lakers,117.55357142857143,116.91525423728814,43.017857142857146,42.57627118644068,0
0022300849,Charlotte Hornets,Milwaukee Bucks,107.65517241379311,121.8135593220339,41.12068965517241,44.23728813559322,0
0022300850,Orlando Magic,Utah Jazz,111.40677966101696,117.66101694915254,42.79661016949152,46.57627118644068,1
0022300851,Atlanta Hawks,Brooklyn Nets,121.15517241379311,111.93103448275862,45.224137931034484,44.41379310344828,0
0022300852,Golden State Warriors,New York Knicks,119.24561403508773,113.79661016949153,46.64912280701754,45.559322033898304,1
0022300853,Oklahoma City Thunder,San Antonio Spurs,121.29310344827586,111.9322033898305,41.724137931034484,43.25423728813559,0
0022300854,Houston Rockets,Phoenix Suns,112.82758620689656,117.48275862068965,45.89655172413793,43.58620689655172,0
0022300855,Denver Nuggets,Miami Heat,114.57627118644068,110.60344827586206,44.389830508474574,42.10344827586207,1
0022300856,Los Angeles Lakers,Washington Wizards,116.9,114.32758620689656,42.516666666666666,40.758620689655174,1
0022300857,Cleveland Cavaliers,Detroit Pistons,114.70689655172414,112.67241379310344,44.689655172413794,43.55172413793103,1
0022300858,Charlotte Hornets,Philadelphia 76ers,107.50847457627118,117.01724137931035,41.13559322033898,42.93103448275862,0
0022300859,Boston Celtics,Dallas Mavericks,120.67241379310344,118.89830508474576,47.06896551724138,42.13559322033898,1
0022300860,Golden State Warriors,Toronto Raptors,119.08620689655173,114.61016949152543,46.758620689655174,43.69491525423729,1
0022300861,Memphis Grizzlies,Portland Trail Blazers,106.40677966101696,107.24561403508773,41.779661016949156,41.666666666666664,0
0022300862,Minnesota Timberwolves,Sacramento Kings,113.55932203389831,118.10344827586206,44.067796610169495,43.1551724137931,0
0022300863,Indiana Pacers,New Orleans Pelicans,123.91666666666667,116.03333333333333,40.95,44.36666666666667,0
0022300864,Chicago Bulls,Milwaukee Bucks,111.89830508474576,121.63333333333334,44.016949152542374,44.233333333333334,0
0022300865,LA Clippers,Washington Wizards,117.45614035087719,114.61016949152543,42.89473684210526,40.83050847457627,1
0022300866,Atlanta Hawks,Brooklyn Nets,120.7457627118644,112.13559322033899,45.11864406779661,44.389830508474574,0
0022300867,Miami Heat,Utah Jazz,110.37288135593221,117.48333333333333,42.152542372881356,46.416666666666664,1
0022300868,Memphis Grizzlies,Portland Trail Blazers,106.16666666666667,107.5,41.583333333333336,41.741379310344826,0
0022300869,Denver Nuggets,Los Angeles Lakers,114.38333333333334,117.18032786885246,44.333333333333336,42.557377049180324,1
0022300870,Houston Rockets,Phoenix Suns,112.69491525423729,117.35593220338983,46.101694915254235,43.71186440677966,1
0022300871,Dallas Mavericks,Philadelphia 76ers,118.75,117.08474576271186,42.13333333333333,43.016949152542374,0
0022300872,Boston Celtics,Golden State Warriors,120.96610169491525,119.10169491525424,47.067796610169495,46.91525423728814,1
0022300873,LA Clippers,Minnesota Timberwolves,117.84482758620689,113.66666666666667,43.0,44.06666666666667,1
0022300874,Detroit Pistons,Orlando Magic,112.45762711864407,111.46666666666667,43.52542372881356,42.833333333333336,0
0022300875,Charlotte Hornets,Toronto Raptors,107.61666666666666,114.45,40.983333333333334,43.75,0
0022300876,Cleveland Cavaliers,New York Knicks,114.62711864406779,113.55,44.83050847457627,45.733333333333334,0
0022300877,Indiana Pacers,San Antonio Spurs,123.55737704918033,112.26666666666667,41.0,43.28333333333333,0
0022300878,Oklahoma City Thunder,Phoenix Suns,121.23728813559322,117.21666666666667,41.644067796610166,43.766666666666666,1
0022300879,Brooklyn Nets,Memphis Grizzlies,112.16666666666667,106.06557377049181,44.4,41.63934426229508,0
0022300880,LA Clippers,Milwaukee Bucks,117.35593220338983,121.49180327868852,42.94915254237288,44.31147540983606,0
0022300881,Minnesota Timberwolves,Portland Trail Blazers,113.24590163934427,107.49152542372882,44.22950819672131,41.88135593220339,1
0022300882,Utah Jazz,Washington Wizards,117.52459016393442,114.61666666666666,46.34426229508197,40.8,1
0022300883,Chicago Bulls,Sacramento Kings,111.65,118.20338983050847,44.016666666666666,43.186440677966104,1
0022300884,Los Angeles Lakers,Oklahoma City Thunder,117.12903225806451,121.18333333333334,42.37096774193548,41.63333333333333,1
0022300885,Charlotte Hornets,Orlando Magic,107.59016393442623,111.49180327868852,41.049180327868854,42.91803278688525,0
0022300886,Boston Celtics,Cleveland Cavaliers,121.28333333333333,114.35,47.13333333333333,44.733333333333334,0
0022300887,Brooklyn Nets,Philadelphia 76ers,112.0,117.13333333333334,44.21311475409836,43.0,1
0022300888,Detroit Pistons,Miami Heat,112.1,110.63333333333334,43.266666666666666,42.016666666666666,0
0022300889,Atlanta Hawks,New York Knicks,120.43333333333334,113.44262295081967,45.06666666666667,45.75409836065574,1
0022300890,New Orleans Pelicans,Toronto Raptors,116.24590163934427,114.39344262295081,44.40983606557377,43.77049180327869,1
0022300891,Houston Rockets,San Antonio Spurs,112.78333333333333,112.34426229508196,46.15,43.31147540983606,1
0022300892,Dallas Mavericks,Indiana Pacers,118.70491803278688,123.25806451612904,42.18032786885246,41.016129032258064,0
0022300893,Denver Nuggets,Phoenix Suns,114.54098360655738,117.09836065573771,44.377049180327866,43.868852459016395,0
0022300894,Orlando Magic,Washington Wizards,111.3225806451613,114.62295081967213,42.88709677419355,40.83606557377049,1
0022300895,Atlanta Hawks,Cleveland Cavaliers,120.36065573770492,114.19672131147541,45.16393442622951,44.68852459016394,1
0022300896,Memphis Grizzlies,Philadelphia 76ers,106.06451612903226,116.9672131147541,41.774193548387096,42.91803278688525,1
0022300897,Houston Rockets,LA Clippers,112.80327868852459,117.16666666666667,46.22950819672131,42.86666666666667,0
0022300898,Chicago Bulls,Utah Jazz,111.67213114754098,117.6774193548387,43.81967213114754,46.41935483870968,1
0022300899,Golden State Warriors,Milwaukee Bucks,118.58333333333333,121.35483870967742,46.9,44.33870967741935,1
0022300900,Oklahoma City Thunder,Portland Trail Blazers,120.90163934426229,107.6,41.57377049180328,41.86666666666667,1
0022300901,Los Angeles Lakers,Sacramento Kings,117.11111111111111,118.05,42.57142857142857,43.31666666666667,0
0022300902,Brooklyn Nets,Detroit Pistons,112.0,112.06557377049181,44.20967741935484,43.24590163934426,0
0022300903,Indiana Pacers,Minnesota Timberwolves,123.47619047619048,113.33870967741936,41.04761904761905,44.16129032258065,0
0022300904,Dallas Mavericks,Miami Heat,118.7258064516129,110.75409836065573,42.16129032258065,42.01639344262295,1
0022300905,Phoenix Suns,Toronto Raptors,117.09677419354838,114.12903225806451,44.0,43.79032258064516,1
0022300906,Boston Celtics,Denver Nuggets,121.0,114.41935483870968,47.22950819672131,44.483870967741936,0
0022300907,Chicago Bulls,Golden State Warriors,111.79032258064517,118.68852459016394,43.74193548387097,46.950819672131146,1
0022300908,Sacramento Kings,San Antonio Spurs,118.24590163934427,112.16129032258064,43.36065573770492,43.41935483870968,1
0022300909,New Orleans Pelicans,Philadelphia 76ers,116.61290322580645,116.83870967741936,44.693548387096776,42.983870967741936,1
0022300910,Charlotte Hornets,Washington Wizards,107.29032258064517,114.53225806451613,40.88709677419355,40.74193548387097,0
0022300911,Cleveland Cavaliers,Minnesota Timberwolves,113.98387096774194,113.33333333333333,44.645161290322584,44.22222222222222,1
0022300912,New York Knicks,Orlando Magic,113.2258064516129,111.44444444444444,45.66129032258065,42.87301587301587,1
0022300913,Atlanta Hawks,Memphis Grizzlies,120.2258064516129,106.2063492063492,45.11290322580645,41.96825396825397,1
0022300914,Miami Heat,Oklahoma City Thunder,110.70967741935483,121.01612903225806,41.935483870967744,41.53225806451613,0
0022300915,Los Angeles Lakers,Milwaukee Bucks,117.15625,120.85714285714286,42.4375,44.20634920634921,1
0022300916,Houston Rockets,Portland Trail Blazers,112.85483870967742,107.80327868852459,46.096774193548384,41.704918032786885,1
0022300917,Chicago Bulls,LA Clippers,112.0,117.24590163934427,43.682539682539684,42.83606557377049,0
0022300918,Brooklyn Nets,Charlotte Hornets,112.0,107.17460317460318,43.95238095238095,41.0,0
0022300919,Dallas Mavericks,Detroit Pistons,118.65079365079364,112.16129032258064,42.20634920634921,43.354838709677416,1
0022300920,Boston Celtics,Phoenix Suns,120.80645161290323,117.14285714285714,47.225806451612904,44.07936507936508,1
0022300921,Golden State Warriors,San Antonio Spurs,118.74193548387096,112.42857142857143,46.96774193548387,43.317460317460316,0
0022300922,Denver Nuggets,Utah Jazz,114.42857142857143,117.66666666666667,44.492063492063494,46.3968253968254,1
0022300923,Portland Trail Blazers,Toronto Raptors,107.79032258064517,114.11111111111111,41.82258064516129,43.666666666666664,1
0022300924,LA Clippers,Milwaukee Bucks,117.16129032258064,120.875,42.87096774193548,44.1875,0
0022300925,Atlanta Hawks,New Orleans Pelicans,119.88888888888889,116.39682539682539,45.142857142857146,44.74603174603175,0
0022300926,Miami Heat,Washington Wizards,110.53968253968254,114.4920634920635,41.95238095238095,40.95238095238095,0
0022300927,New York Knicks,Philadelphia 76ers,112.98412698412699,116.4920634920635,45.61904761904762,42.96825396825397,0
0022300928,Indiana Pacers,Orlando Magic,123.28125,110.859375,41.015625,42.78125,1
0022300929,Houston Rockets,Sacramento Kings,113.01587301587301,118.45161290322581,46.111111111111114,43.403225806451616,1
0022300930,Brooklyn Nets,Cleveland Cavaliers,111.796875,113.96825396825396,43.90625,44.666666666666664,1
0022300931,Memphis Grizzlies,Oklahoma City Thunder,105.984375,120.7936507936508,41.90625,41.58730158730159,0
0022300932,Los Angeles Lakers,Minnesota Timberwolves,117.24615384615385,113.1875,42.36923076923077,44.234375,1
0022300933,Charlotte Hornets,Detroit Pistons,107.21875,112.34920634920636,41.0625,43.55555555555556,0
0022300934,Cleveland Cavaliers,Phoenix Suns,113.765625,116.984375,44.453125,44.03125,0
0022300935,Chicago Bulls,Dallas Mavericks,111.84375,119.015625,43.59375,42.109375,0
0022300936,Golden State Warriors,San Antonio Spurs,118.65079365079364,112.640625,46.84126984126984,43.40625,1
0022300937,Denver Nuggets,Toronto Raptors,114.859375,114.171875,44.296875,43.65625,1
0022300938,Boston Celtics,Portland Trail Blazers,120.74603174603175,108.11111111111111,47.15873015873016,41.98412698412698,1
0022300939,New York Knicks,Philadelphia 76ers,112.359375,115.90625,45.6875,43.03125,1
0022300940,Memphis Grizzlies,Washington Wizards,105.78461538461538,114.421875,41.86153846153846,40.9375,1
0022300941,Indiana Pacers,Oklahoma City Thunder,123.0923076923077,120.84375,41.09230769230769,41.65625,1
0022300942,Houston Rockets,San Antonio Spurs,113.0,112.47692307692307,46.046875,43.50769230769231,1
0022300943,Boston Celtics,Utah Jazz,120.75,117.71875,47.125,46.234375,1
0022300944,LA Clippers,Minnesota Timberwolves,117.15873015873017,113.12307692307692,43.01587301587302,44.13846153846154,0
0022300945,Milwaukee Bucks,Sacramento Kings,120.92307692307692,118.22222222222223,44.13846153846154,43.41269841269841,0
0022300946,Detroit Pistons,Toronto Raptors,112.375,114.24615384615385,43.671875,43.63076923076923,1
0022300947,Brooklyn Nets,Orlando Magic,111.92307692307692,110.64615384615385,43.84615384615385,42.83076923076923,0
0022300948,Chicago Bulls,Indiana Pacers,111.53846153846153,123.06060606060606,43.58461538461538,41.121212121212125,1
0022300949,Denver Nuggets,Miami Heat,115.01538461538462,110.5,44.261538461538464,42.09375,1
0022300950,Charlotte Hornets,Memphis Grizzlies,107.06153846153846,105.83333333333333,41.04615384615385,42.03030303030303,1
0022300951,Cleveland Cavaliers,New Orleans Pelicans,113.72307692307692,116.390625,44.33846153846154,44.71875,1
0022300952,Dallas Mavericks,Golden State Warriors,119.13846153846154,118.546875,42.215384615384615,46.8125,1
0022300953,Atlanta Hawks,Portland Trail Blazers,119.625,107.96875,45.078125,41.921875,0
0022300954,Los Angeles Lakers,Sacramento Kings,117.28787878787878,118.390625,42.57575757575758,43.53125,0
0022300955,Boston Celtics,Phoenix Suns,120.78461538461538,116.98461538461538,47.10769230769231,44.0,1
0022300956,Chicago Bulls,LA Clippers,111.84848484848484,116.890625,43.65151515151515,42.875,0
0022300957,Houston Rockets,Washington Wizards,112.84615384615384,114.15384615384616,45.89230769230769,40.738461538461536,1
0022300958,Milwaukee Bucks,Philadelphia 76ers,120.51515151515152,115.33846153846154,44.13636363636363,42.84615384615385,1
0022300959,Dallas Mavericks,Oklahoma City Thunder,118.98484848484848,120.6923076923077,42.21212121212121,41.784615384615385,0
0022300960,New York Knicks,Portland Trail Blazers,112.26153846153846,107.93846153846154,45.76923076923077,42.03076923076923,1
0022300961,Charlotte Hornets,Phoenix Suns,107.10606060606061,116.9090909090909,40.95454545454545,44.10606060606061,0
0022300962,Detroit Pistons,Miami Heat,112.38461538461539,110.15384615384616,43.89230769230769,42.09230769230769,0
0022300963,Orlando Magic,Toronto Raptors,110.6969696969697,114.0909090909091,42.696969696969695,43.53030303030303,1
0022300964,LA Clippers,New Orleans Pelicans,117.03076923076924,116.06153846153846,42.753846153846155,44.69230769230769,0
0022300965,Denver Nuggets,San Antonio Spurs,114.78787878787878,112.3030303030303,44.21212121212121,43.484848484848484,1
0022300966,Atlanta Hawks,Utah Jazz,119.35384615384615,117.55384615384615,44.96923076923077,46.10769230769231,0
0022300967,Cleveland Cavaliers,Houston Rockets,113.75757575757575,113.18181818181819,44.36363636363637,45.90909090909091,0
0022300968,Brooklyn Nets,Indiana Pacers,111.83333333333333,123.14925373134328,43.666666666666664,41.208955223880594,0
0022300969,Charlotte Hornets,Philadelphia 76ers,106.94029850746269,115.18181818181819,41.059701492537314,42.65151515151515,0
0022300970,New Orleans Pelicans,Portland Trail Blazers,116.0,107.71212121212122,44.621212121212125,42.07575757575758,1
0022300971,Chicago Bulls,Washington Wizards,111.83582089552239,114.22727272727273,43.53731343283582,40.60606060606061,1
0022300972,Memphis Grizzlies,Oklahoma City Thunder,105.71641791044776,120.77272727272727,42.08955223880597,41.666666666666664,0
0022300973,Golden State Warriors,Los Angeles Lakers,118.24615384615385,117.13432835820896,46.738461538461536,42.507462686567166,1
0022300974,Minnesota Timberwolves,Utah Jazz,113.1969696969697,117.65151515151516,44.196969696969695,46.15151515151515,1
0022300975,New York Knicks,Sacramento Kings,112.15151515151516,118.41538461538461,45.833333333333336,43.53846153846154,1
0022300976,Milwaukee Bucks,Phoenix Suns,120.41791044776119,116.76119402985074,44.02985074626866,44.298507462686565,1
0022300977,Detroit Pistons,Miami Heat,112.12121212121212,110.12121212121212,43.95454545454545,42.121212121212125,0
0022300978,Dallas Mavericks,Denver Nuggets,118.98507462686567,114.82089552238806,42.17910447761194,44.149253731343286,1
0022300979,Orlando Magic,Toronto Raptors,110.73134328358209,113.92537313432835,42.64179104477612,43.47761194029851,1
0022300980,Boston Celtics,Washington Wizards,120.87878787878788,113.98507462686567,46.89393939393939,40.47761194029851,1
0022300981,Brooklyn Nets,San Antonio Spurs,111.65671641791045,112.2089552238806,43.6865671641791,43.492537313432834,0
0022300982,Atlanta Hawks,LA Clippers,119.39393939393939,116.83333333333333,44.90909090909091,42.666666666666664,1
0022300983,Cleveland Cavaliers,Indiana Pacers,113.59701492537313,123.11764705882354,44.37313432835821,41.338235294117645,1
0022300984,Boston Celtics,Detroit Pistons,121.01492537313433,111.95522388059702,46.83582089552239,43.95522388059702,1
0022300985,Miami Heat,Philadelphia 76ers,110.02985074626865,115.08955223880596,42.19402985074627,42.62686567164179,0
0022300986,Chicago Bulls,Portland Trail Blazers,112.05882352941177,107.70149253731343,43.64705882352941,41.985074626865675,1
0022300987,Minnesota Timberwolves,Utah Jazz,113.28358208955224,117.38805970149254,44.19402985074627,46.223880597014926,1
0022300988,Golden State Warriors,New York Knicks,118.39393939393939,111.94029850746269,46.71212121212121,45.92537313432836,0
0022300989,Memphis Grizzlies,Sacramento Kings,105.80882352941177,118.0,42.0,43.515151515151516,0
0022300990,Atlanta Hawks,Los Angeles Lakers,119.25373134328358,117.19117647058823,44.91044776119403,42.455882352941174,0
0022300991,Charlotte Hornets,Orlando Magic,106.80882352941177,110.73529411764706,41.044117647058826,42.588235294117645,0
0022300992,Houston Rockets,Washington Wizards,113.23880597014926,113.83823529411765,45.940298507462686,40.470588235294116,1
0022300993,Brooklyn Nets,New Orleans Pelicans,111.70588235294117,116.14925373134328,43.75,44.53731343283582,0
0022300994,Dallas Mavericks,San Antonio Spurs,118.80882352941177,112.3529411764706,42.44117647058823,43.588235294117645,1
0022300995,Denver Nuggets,Minnesota Timberwolves,114.67647058823529,113.29411764705883,44.044117647058826,44.05882352941177,1
0022300996,Cleveland Cavaliers,Miami Heat,113.51470588235294,109.75,44.294117647058826,42.294117647058826,0
0022300997,Detroit Pistons,Indiana Pacers,111.69117647058823,122.82608695652173,43.94117647058823,41.391304347826086,0
0022300998,Boston Celtics,Milwaukee Bucks,120.98529411764706,120.70588235294117,46.9264705882353,43.89705882352941,1
0022300999,Sacramento Kings,Toronto Raptors,118.04477611940298,113.66176470588235,43.74626865671642,43.38235294117647,1
0022301000,Oklahoma City Thunder,Utah Jazz,120.73134328358209,117.19117647058823,41.71641791044776,46.23529411764706,1
0022301001,Golden State Warriors,Memphis Grizzlies,118.29850746268657,105.8840579710145,46.59701492537314,42.10144927536232,1
0022301002,Philadelphia 76ers,Phoenix Suns,114.83823529411765,116.94117647058823,42.6764705882353,44.220588235294116,0
0022301003,LA Clippers,Portland Trail Blazers,116.4776119402985,107.69117647058823,42.62686567164179,42.0,1
0022301004,New Orleans Pelicans,Orlando Magic,115.97058823529412,110.7536231884058,44.588235294117645,42.56521739130435,0
0022301005,Sacramento Kings,Washington Wizards,118.11764705882354,113.84057971014492,43.88235294117647,40.52173913043478,0
0022301006,Chicago Bulls,Houston Rockets,112.02898550724638,113.58823529411765,43.594202898550726,45.955882352941174,0
0022301007,Brooklyn Nets,Milwaukee Bucks,111.40579710144928,120.68115942028986,43.72463768115942,43.85507246376812,0
0022301008,Dallas Mavericks,Utah Jazz,118.72463768115942,117.04347826086956,42.405797101449274,46.2463768115942,1
0022301009,Denver Nuggets,New York Knicks,114.68115942028986,112.04411764705883,44.11594202898551,45.89705882352941,1
0022301010,Atlanta Hawks,Phoenix Suns,119.04411764705883,116.91304347826087,44.86764705882353,44.3768115942029,0
0022301011,Boston Celtics,Detroit Pistons,121.0,111.56521739130434,46.78260869565217,43.971014492753625,1
0022301012,Oklahoma City Thunder,Toronto Raptors,120.70588235294117,113.30434782608695,41.76470588235294,43.20289855072464,1
0022301013,Miami Heat,New Orleans Pelicans,109.71014492753623,115.82608695652173,42.21739130434783,44.42028985507246,0
0022301014,Cleveland Cavaliers,Minnesota Timberwolves,113.3768115942029,113.27536231884058,44.18840579710145,43.95652173913044,0
0022301015,Memphis Grizzlies,San Antonio Spurs,106.02857142857142,112.27536231884058,42.142857142857146,43.65217391304348,1
0022301016,Golden State Warriors,Indiana Pacers,118.57352941176471,122.81428571428572,46.61764705882353,41.371428571428574,0
0022301017,LA Clippers,Portland Trail Blazers,116.47058823529412,107.6231884057971,42.61764705882353,41.94202898550725,1
0022301018,Los Angeles Lakers,Philadelphia 76ers,117.46376811594203,114.65217391304348,42.53623188405797,42.63768115942029,1
0022301019,Brooklyn Nets,New York Knicks,111.35714285714286,111.8695652173913,43.8,45.68115942028985,0
0022301020,Orlando Magic,Sacramento Kings,110.9,117.8840579710145,42.52857142857143,43.78260869565217,0
0022301021,Atlanta Hawks,Charlotte Hornets,118.98550724637681,106.59420289855072,44.73913043478261,40.88405797101449,1
0022301022,Toronto Raptors,Washington Wizards,113.15714285714286,113.77142857142857,43.1,40.58571428571429,0
0022301023,Boston Celtics,Chicago Bulls,121.11428571428571,112.1,46.614285714285714,43.58571428571429,1
0022301024,Houston Rockets,Utah Jazz,113.78260869565217,116.75714285714285,46.0,46.128571428571426,1
0022301025,Phoenix Suns,San Antonio Spurs,117.07142857142857,112.05714285714286,44.285714285714285,43.82857142857143,1
0022301026,Denver Nuggets,Portland Trail Blazers,114.65714285714286,107.75714285714285,44.08571428571429,41.92857142857143,1
0022301027,Detroit Pistons,New Orleans Pelicans,111.42857142857143,115.75714285714285,43.94285714285714,44.58571428571429,0
0022301028,LA Clippers,Philadelphia 76ers,116.59420289855072,114.35714285714286,42.57971014492754,42.628571428571426,0
0022301029,Cleveland Cavaliers,Miami Heat,113.05714285714286,109.4,44.142857142857146,42.1,0
0022301030,Milwaukee Bucks,Oklahoma City Thunder,120.6,120.73913043478261,43.8,41.82608695652174,1
0022301031,Golden State Warriors,Minnesota Timberwolves,118.46376811594203,113.14285714285714,46.869565217391305,43.98571428571429,0
0022301032,Indiana Pacers,Los Angeles Lakers,122.8169014084507,117.22857142857143,41.49295774647887,42.7,0
0022301033,Charlotte Hornets,Cleveland Cavaliers,106.37142857142857,112.64788732394366,40.857142857142854,43.943661971830984,0
0022301034,Atlanta Hawks,Boston Celtics,119.17142857142858,121.15492957746478,44.714285714285715,46.53521126760563,1
0022301035,Detroit Pistons,New York Knicks,111.28169014084507,111.77142857142857,43.971830985915496,45.7,0
0022301036,Brooklyn Nets,Toronto Raptors,111.09859154929578,113.09859154929578,43.76056338028169,43.08450704225352,1
0022301037,Chicago Bulls,Washington Wizards,112.11267605633803,113.74647887323944,43.38028169014085,40.7887323943662,0
0022301038,Houston Rockets,Portland Trail Blazers,114.25714285714285,107.80281690140845,45.97142857142857,41.971830985915496,1
0022301039,Phoenix Suns,San Antonio Spurs,117.26760563380282,111.97183098591549,44.2112676056338,43.690140845070424,0
0022301040,Denver Nuggets,Memphis Grizzlies,114.64788732394366,105.92957746478874,44.15492957746479,42.267605633802816,1
0022301041,Dallas Mavericks,Utah Jazz,118.64285714285714,116.78873239436619,42.41428571428571,46.04225352112676,1
0022301042,Philadelphia 76ers,Sacramento Kings,114.45070422535211,117.75714285714285,42.54929577464789,43.75714285714286,0
0022301043,Indiana Pacers,LA Clippers,123.125,116.45714285714286,41.47222222222222,42.5,1
0022301044,Golden State Warriors,Miami Heat,118.34285714285714,109.56338028169014,46.785714285714285,42.12676056338028,1
0022301045,Los Angeles Lakers,Milwaukee Bucks,117.69014084507042,120.56338028169014,42.67605633802817,43.985915492957744,1
0022301046,New Orleans Pelicans,Oklahoma City Thunder,115.73239436619718,120.34285714285714,44.53521126760563,41.75714285714286,0
0022301047,Dallas Mavericks,Sacramento Kings,118.59154929577464,117.61971830985915,42.478873239436616,43.70422535211268,1
0022301048,Charlotte Hornets,Cleveland Cavaliers,106.16901408450704,112.68055555555556,40.74647887323944,43.986111111111114,1
0022301049,Golden State Warriors,Orlando Magic,118.26760563380282,110.84507042253522,46.732394366197184,42.61971830985915,1
0022301050,Brooklyn Nets,Washington Wizards,110.88888888888889,113.65277777777777,43.84722222222222,40.94444444444444,1
0022301051,Atlanta Hawks,Portland Trail Blazers,119.1830985915493,107.58333333333333,44.70422535211268,42.0,1
0022301052,LA Clippers,Philadelphia 76ers,116.45070422535211,114.19444444444444,42.40845070422535,42.611111111111114,1
0022301053,New York Knicks,Toronto Raptors,111.94366197183099,112.75,45.7887323943662,42.90277777777778,1
0022301054,Chicago Bulls,Indiana Pacers,112.01388888888889,123.26027397260275,43.416666666666664,41.36986301369863,1
0022301055,Los Angeles Lakers,Memphis Grizzlies,117.83333333333333,105.88888888888889,43.041666666666664,42.236111111111114,1
0022301056,Detroit Pistons,Minnesota Timberwolves,111.11111111111111,113.15492957746478,43.875,43.985915492957744,0
0022301057,Houston Rockets,Oklahoma City Thunder,114.19718309859155,120.32394366197182,45.95774647887324,41.80281690140845,1
0022301058,San Antonio Spurs,Utah Jazz,111.86111111111111,116.625,43.638888888888886,46.041666666666664,1
0022301059,Denver Nuggets,Phoenix Suns,114.83333333333333,117.05555555555556,44.236111111111114,44.25,0
0022301060,Atlanta Hawks,Boston Celtics,119.19444444444444,121.11111111111111,44.65277777777778,46.416666666666664,1
0022301061,Milwaukee Bucks,New Orleans Pelicans,120.61111111111111,115.68055555555556,44.22222222222222,44.43055555555556,0
0022301062,Charlotte Hornets,Golden State Warriors,106.33333333333333,118.02777777777777,40.708333333333336,46.80555555555556,0
0022301063,Indiana Pacers,Los Angeles Lakers,122.93243243243244,118.08219178082192,41.351351351351354,43.04109589041096,1
0022301064,LA Clippers,Orlando Magic,116.33333333333333,110.59722222222223,42.416666666666664,42.56944444444444,1
0022301065,Detroit Pistons,Washington Wizards,110.83561643835617,113.72602739726027,43.83561643835616,40.986301369863014,1
0022301066,Brooklyn Nets,Chicago Bulls,111.04109589041096,112.1917808219178,43.863013698630134,43.56164383561644,1
0022301067,Cleveland Cavaliers,Philadelphia 76ers,112.65753424657534,114.0958904109589,43.821917808219176,42.726027397260275,1
0022301068,Miami Heat,Portland Trail Blazers,109.31944444444444,107.56164383561644,42.083333333333336,41.87671232876713,1
0022301069,Oklahoma City Thunder,Phoenix Suns,120.40277777777777,116.87671232876713,41.90277777777778,44.342465753424655,1
0022301070,New York Knicks,San Antonio Spurs,112.40277777777777,111.94520547945206,45.736111111111114,43.602739726027394,0
0022301071,Denver Nuggets,Minnesota Timberwolves,114.58904109589041,113.05555555555556,44.15068493150685,43.93055555555556,0
0022301072,Houston Rockets,Utah Jazz,114.44444444444444,116.54794520547945,46.013888888888886,45.9041095890411,1
0022301073,Dallas Mavericks,Sacramento Kings,118.77777777777777,117.31944444444444,42.56944444444444,43.68055555555556,1
0022301074,Boston Celtics,New Orleans Pelicans,121.12328767123287,115.56164383561644,46.36986301369863,44.47945205479452,1
0022301075,Memphis Grizzlies,Orlando Magic,106.13698630136986,110.41095890410959,42.19178082191781,42.50684931506849,0
0022301076,Atlanta Hawks,Milwaukee Bucks,119.24657534246575,120.32876712328768,44.76712328767123,44.24657534246575,0
0022301077,Cleveland Cavaliers,Denver Nuggets,112.71621621621621,114.36486486486487,43.729729729729726,44.17567567567568,0
0022301078,Brooklyn Nets,Los Angeles Lakers,111.22972972972973,117.70270270270271,43.851351351351354,43.108108108108105,0
0022301079,Charlotte Hornets,LA Clippers,106.20547945205479,116.10958904109589,40.71232876712329,42.397260273972606,0
0022301080,Philadelphia 76ers,Toronto Raptors,114.0945945945946,112.58904109589041,42.71621621621622,42.6986301369863,1
0022301081,Miami Heat,Washington Wizards,109.76712328767124,113.36486486486487,42.10958904109589,41.067567567567565,1
0022301082,New York Knicks,Oklahoma City Thunder,112.58904109589041,120.5068493150685,45.794520547945204,41.84931506849315,0
0022301083,Dallas Mavericks,Houston Rockets,118.61643835616438,114.26027397260275,42.56164383561644,46.0,1
0022301084,Chicago Bulls,Minnesota Timberwolves,112.13513513513513,113.02739726027397,43.567567567567565,43.863013698630134,1
0022301085,Golden State Warriors,San Antonio Spurs,117.98630136986301,112.1891891891892,46.84931506849315,43.63513513513514,1
0022301086,Sacramento Kings,Utah Jazz,117.12328767123287,116.32432432432432,43.6986301369863,45.972972972972975,1
0022301087,Boston Celtics,Charlotte Hornets,120.89189189189189,106.36486486486487,46.432432432432435,40.58108108108108,1
0022301088,Detroit Pistons,Memphis Grizzlies,110.63513513513513,105.89189189189189,43.87837837837838,42.229729729729726,0
0022301089,Brooklyn Nets,Indiana Pacers,111.13333333333334,122.74666666666667,43.77333333333333,41.413333333333334,0
0022301090,Orlando Magic,Portland Trail Blazers,110.51351351351352,107.21621621621621,42.513513513513516,41.891891891891895,1
0022301091,Atlanta Hawks,Chicago Bulls,119.16216216216216,112.09333333333333,44.689189189189186,43.56,1
0022301092,New Orleans Pelicans,Phoenix Suns,115.24324324324324,116.6891891891892,44.432432432432435,44.270270270270274,0
0022301093,Oklahoma City Thunder,Philadelphia 76ers,120.4054054054054,114.37333333333333,41.86486486486486,42.666666666666664,0
0022301094,Los Angeles Lakers,Toronto Raptors,117.68,112.6891891891892,43.2,42.527027027027025,1
0022301095,Milwaukee Bucks,Washington Wizards,120.35135135135135,113.28,44.189189189189186,41.08,0
0022301096,Miami Heat,New York Knicks,109.89189189189189,112.58108108108108,42.108108108108105,45.7972972972973,1
0022301097,Dallas Mavericks,Golden State Warriors,118.32894736842105,117.98684210526316,42.75,46.78947368421053,1
0022301098,Houston Rockets,Minnesota Timberwolves,114.16216216216216,112.86486486486487,45.95945945945946,43.770270270270274,0
0022301099,Denver Nuggets,San Antonio Spurs,114.57333333333334,112.2,44.266666666666666,43.653333333333336,1
0022301100,Cleveland Cavaliers,Utah Jazz,112.56,116.18666666666667,43.52,45.8,1
0022301101,LA Clippers,Sacramento Kings,116.29729729729729,117.25675675675676,42.37837837837838,43.7027027027027,0
0022301102,Charlotte Hornets,Portland Trail Blazers,106.33333333333333,107.16,40.57333333333333,41.92,0
0022301103,Los Angeles Lakers,Washington Wizards,117.8157894736842,113.32894736842105,43.25,41.11842105263158,1
0022301104,Atlanta Hawks,Detroit Pistons,119.08,110.6,44.693333333333335,43.84,1
0022301105,Boston Celtics,Oklahoma City Thunder,120.85333333333334,120.2,46.49333333333333,41.88,1
0022301106,Brooklyn Nets,Indiana Pacers,111.13157894736842,122.88157894736842,43.76315789473684,41.48684210526316,1
0022301107,Memphis Grizzlies,Milwaukee Bucks,105.94666666666667,120.25333333333333,42.25333333333333,44.36,1
0022301108,Minnesota Timberwolves,Toronto Raptors,112.86666666666666,112.66666666666667,43.70666666666666,42.49333333333333,1
0022301109,New Orleans Pelicans,Orlando Magic,115.18666666666667,110.42666666666666,44.333333333333336,42.52,0
0022301110,Cleveland Cavaliers,Phoenix Suns,112.77631578947368,116.78666666666666,43.48684210526316,44.333333333333336,0
0022301111,Miami Heat,Philadelphia 76ers,109.88,114.30263157894737,42.06666666666667,42.6578947368421,0
0022301112,New York Knicks,Sacramento Kings,112.4,117.14666666666666,45.586666666666666,43.86666666666667,1
0022301113,Golden State Warriors,Houston Rockets,117.78666666666666,114.05333333333333,46.84,45.84,1
0022301114,Denver Nuggets,LA Clippers,114.51315789473684,116.01333333333334,44.36842105263158,42.32,0
0022301115,Charlotte Hornets,Orlando Magic,106.0657894736842,110.51315789473684,40.51315789473684,42.473684210526315,1
0022301116,Indiana Pacers,Oklahoma City Thunder,122.72727272727273,119.9342105263158,41.532467532467535,41.73684210526316,1
0022301117,Portland Trail Blazers,Washington Wizards,106.92105263157895,113.41558441558442,42.0921052631579,41.09090909090909,1
0022301118,Boston Celtics,Sacramento Kings,121.03947368421052,117.03947368421052,46.48684210526316,43.75,1
0022301119,Chicago Bulls,New York Knicks,111.94736842105263,112.5,43.6578947368421,45.5,1
0022301120,Houston Rockets,Miami Heat,114.0,109.8157894736842,45.61842105263158,42.18421052631579,0
0022301121,Detroit Pistons,Memphis Grizzlies,110.63157894736842,106.01315789473684,43.75,42.4078947368421,0
0022301122,Milwaukee Bucks,Toronto Raptors,120.0,112.30263157894737,44.35526315789474,42.56578947368421,0
0022301123,New Orleans Pelicans,San Antonio Spurs,115.09210526315789,112.10526315789474,44.21052631578947,43.85526315789474,0
0022301124,Atlanta Hawks,Dallas Mavericks,119.10526315789474,118.45333333333333,44.73684210526316,42.61333333333334,0
0022301125,Minnesota Timberwolves,Phoenix Suns,113.13157894736842,116.85526315789474,43.78947368421053,44.31578947368421,0
0022301126,LA Clippers,Utah Jazz,115.82894736842105,116.14473684210526,42.39473684210526,45.63157894736842,1
0022301127,Cleveland Cavaliers,Los Angeles Lakers,112.62337662337663,117.9090909090909,43.4025974025974,43.324675324675326,0
0022301128,Brooklyn Nets,Detroit Pistons,111.18181818181819,110.36363636363636,43.84415584415584,43.675324675324674,1
0022301129,Memphis Grizzlies,Philadelphia 76ers,106.03896103896103,114.23376623376623,42.493506493506494,42.63636363636363,0
0022301130,Atlanta Hawks,Denver Nuggets,118.79220779220779,114.32467532467533,44.883116883116884,44.45454545454545,0
0022301131,Dallas Mavericks,Houston Rockets,118.1948051948052,113.87012987012987,42.72727272727273,45.61038961038961,1
0022301132,Cleveland Cavaliers,LA Clippers,112.42307692307692,116.02597402597402,43.35897435897436,42.506493506493506,0
0022301133,Indiana Pacers,Miami Heat,122.76923076923077,109.93506493506493,41.5,42.25974025974026,1
0022301134,Boston Celtics,Portland Trail Blazers,120.77922077922078,106.93506493506493,46.54545454545455,42.25974025974026,1
0022301135,Charlotte Hornets,Oklahoma City Thunder,106.2987012987013,119.83116883116882,40.45454545454545,41.701298701298704,0
0022301136,Chicago Bulls,Orlando Magic,111.8961038961039,110.57142857142857,43.83116883116883,42.4025974025974,0
0022301137,Toronto Raptors,Washington Wizards,112.36363636363636,113.26923076923077,42.62337662337662,41.14102564102564,1
0022301138,New Orleans Pelicans,Phoenix Suns,115.01298701298701,116.59740259740259,44.16883116883117,44.37662337662338,1
0022301139,Milwaukee Bucks,New York Knicks,119.88311688311688,112.33766233766234,44.36363636363637,45.4025974025974,0
0022301140,Philadelphia 76ers,San Antonio Spurs,114.25641025641026,112.0909090909091,42.61538461538461,43.72727272727273,1
0022301141,Brooklyn Nets,Sacramento Kings,111.2051282051282,116.81818181818181,43.8974358974359,43.883116883116884,0
0022301142,Golden State Warriors,Utah Jazz,117.83116883116882,115.96103896103897,46.753246753246756,45.5974025974026,1
0022301143,Los Angeles Lakers,Minnesota Timberwolves,117.88461538461539,112.79220779220779,43.282051282051285,43.79220779220779,0
0022301144,Charlotte Hornets,Dallas Mavericks,106.44871794871794,118.56410256410257,40.3974358974359,42.782051282051285,0
0022301145,Detroit Pistons,Philadelphia 76ers,110.26923076923077,114.49367088607595,43.47435897435897,42.65822784810127,0
0022301146,Indiana Pacers,Toronto Raptors,122.69620253164557,112.58974358974359,41.44303797468354,42.705128205128204,1
0022301147,Atlanta Hawks,Miami Heat,118.67948717948718,110.0,44.794871794871796,42.217948717948715,0
0022301148,Boston Celtics,Milwaukee Bucks,120.82051282051282,119.74358974358974,46.46153846153846,44.282051282051285,0
0022301149,Chicago Bulls,New York Knicks,111.71794871794872,112.46153846153847,43.743589743589745,45.34615384615385,0
0022301150,Houston Rockets,Orlando Magic,114.15384615384616,110.6025641025641,45.43589743589744,42.37179487179487,1
0022301151,Memphis Grizzlies,San Antonio Spurs,105.91025641025641,112.26923076923077,42.51282051282051,43.92307692307692,0
0022301152,Minnesota Timberwolves,Washington Wizards,112.97435897435898,113.37974683544304,43.82051282051282,41.164556962025316,1
0022301153,Oklahoma City Thunder,Sacramento Kings,119.84615384615384,116.6923076923077,41.62820512820513,44.01282051282051,1
0022301154,Denver Nuggets,Utah Jazz,114.67948717948718,115.88461538461539,44.48717948717949,45.38461538461539,1
0022301155,Golden State Warriors,Los Angeles Lakers,117.83333333333333,117.87341772151899,46.756410256410255,43.25316455696203,1
0022301156,LA Clippers,Phoenix Suns,116.07692307692308,116.44871794871794,42.57692307692308,44.294871794871796,1
0022301157,New Orleans Pelicans,Portland Trail Blazers,114.98717948717949,106.93589743589743,44.14102564102564,42.3974358974359,1
0022301158,Cleveland Cavaliers,Memphis Grizzlies,112.49367088607595,105.67088607594937,43.265822784810126,42.59493670886076,1
0022301159,Atlanta Hawks,Charlotte Hornets,118.58227848101266,106.41772151898734,44.9746835443038,40.379746835443036,0
0022301160,Brooklyn Nets,Toronto Raptors,110.77215189873418,112.72151898734177,43.924050632911396,42.67088607594937,1
0022301161,Dallas Mavericks,Miami Heat,118.70886075949367,110.0886075949367,42.936708860759495,42.265822784810126,1
0022301162,Milwaukee Bucks,Orlando Magic,119.54430379746836,110.54430379746836,44.34177215189873,42.36708860759494,1
0022301163,Oklahoma City Thunder,San Antonio Spurs,119.74683544303798,112.13924050632912,41.63291139240506,44.0126582278481,1
0022301164,Denver Nuggets,Minnesota Timberwolves,114.63291139240506,113.18987341772151,44.46835443037975,43.822784810126585,1
0022301165,LA Clippers,Phoenix Suns,115.9367088607595,116.13924050632912,42.835443037974684,44.21518987341772,0
0022301166,Chicago Bulls,Detroit Pistons,111.78481012658227,110.16455696202532,43.68354430379747,43.48101265822785,1
0022301167,Boston Celtics,New York Knicks,120.44303797468355,112.65822784810126,46.35443037974684,45.164556962025316,0
0022301168,Houston Rockets,Utah Jazz,114.20253164556962,115.62025316455696,45.32911392405063,45.36708860759494,0
0022301169,Golden State Warriors,Portland Trail Blazers,118.0379746835443,106.84810126582279,46.69620253164557,42.45569620253165,1
0022301170,New Orleans Pelicans,Sacramento Kings,114.92405063291139,116.54430379746836,44.151898734177216,44.164556962025316,1
0022301171,Orlando Magic,Philadelphia 76ers,110.4,114.5625,42.2625,42.7625,0
0022301172,Chicago Bulls,Washington Wizards,111.975,113.475,43.6625,41.1625,1
0022301173,Boston Celtics,Charlotte Hornets,120.3,106.525,46.225,40.2875,1
0022301174,Cleveland Cavaliers,Indiana Pacers,112.4625,122.9125,43.3125,41.475,1
0022301175,Brooklyn Nets,New York Knicks,110.7125,112.725,44.075,45.25,0
0022301176,Miami Heat,Toronto Raptors,109.8625,112.5875,42.3125,42.7,1
0022301177,Los Angeles Lakers,Memphis Grizzlies,117.9,105.575,43.2125,42.6125,1
0022301178,Atlanta Hawks,Minnesota Timberwolves,118.525,113.1125,44.8875,43.7125,0
0022301179,Milwaukee Bucks,Oklahoma City Thunder,119.5125,119.8375,44.325,41.8875,0
0022301180,Denver Nuggets,San Antonio Spurs,114.65,111.85,44.4625,44.05,0
0022301181,Dallas Mavericks,Detroit Pistons,118.6125,110.1,42.8875,43.4125,0
0022301182,Golden State Warriors,New Orleans Pelicans,117.8125,115.175,46.6875,44.1,0
0022301183,Houston Rockets,Portland Trail Blazers,114.2875,106.6625,45.25,42.5375,1
0022301184,LA Clippers,Utah Jazz,115.8375,115.725,42.85,45.4125,0
0022301185,Phoenix Suns,Sacramento Kings,116.2375,116.625,44.2625,44.0125,1
0022301186,Boston Celtics,Washington Wizards,120.4320987654321,113.64197530864197,46.30864197530864,41.135802469135804,1
0022301187,Charlotte Hornets,Cleveland Cavaliers,106.41975308641975,112.66666666666667,40.19753086419753,43.28395061728395,1
0022301188,Atlanta Hawks,Indiana Pacers,118.37037037037037,122.87654320987654,44.82716049382716,41.44444444444444,0
0022301189,Miami Heat,Toronto Raptors,110.04938271604938,112.46913580246914,42.24691358024691,42.67901234567901,1
0022301190,Chicago Bulls,New York Knicks,112.18518518518519,112.70370370370371,43.81481481481482,45.074074074074076,0
0022301191,Milwaukee Bucks,Orlando Magic,119.35802469135803,110.4320987654321,44.2962962962963,42.2962962962963,0
0022301192,Brooklyn Nets,Philadelphia 76ers,110.66666666666667,114.69135802469135,44.08641975308642,42.77777777777778,0
0022301193,Denver Nuggets,Memphis Grizzlies,114.71604938271605,105.75308641975309,44.32098765432099,42.60493827160494,1
0022301194,Minnesota Timberwolves,Phoenix Suns,113.06172839506173,116.1358024691358,43.71604938271605,44.22222222222222,0
0022301195,Los Angeles Lakers,New Orleans Pelicans,117.96296296296296,115.1604938271605,43.160493827160494,44.02469135802469,1
0022301196,Dallas Mavericks,Oklahoma City Thunder,118.24691358024691,119.90123456790124,42.96296296296296,41.839506172839506,0
0022301197,Detroit Pistons,San Antonio Spurs,110.06172839506173,111.96296296296296,43.370370370370374,44.111111111111114,0
0022301198,Golden State Warriors,Utah Jazz,117.70370370370371,115.65432098765432,46.76543209876543,45.41975308641975,1
0022301199,Houston Rockets,LA Clippers,114.30864197530865,115.75308641975309,45.28395061728395,42.864197530864196,1
0022301200,Portland Trail Blazers,Sacramento Kings,106.66666666666667,116.50617283950618,42.60493827160494,43.901234567901234,0
0022301201,Milwaukee Bucks,New York Knicks,121.1,110.89473684210526,43.8,46.63157894736842,1
0022301202,Boston Celtics,Indiana Pacers,116.73684210526316,128.77777777777777,47.05263157894737,39.388888888888886,0
0022301203,Los Angeles Lakers,Phoenix Suns,112.52380952380952,116.15,44.095238095238095,44.1,1
0022301204,New Orleans Pelicans,Sacramento Kings,114.0,116.5,44.23809523809524,44.0,1
0022301205,Cleveland Cavaliers,Orlando Magic,110.8,114.25,44.25,43.85,1
0022301206,Detroit Pistons,Memphis Grizzlies,109.15,105.89473684210526,45.5,42.526315789473685,0
0022301207,Miami Heat,Toronto Raptors,113.1,111.2,40.7,46.05,1
0022301208,Philadelphia 76ers,Washington Wizards,120.10526315789474,116.78947368421052,45.10526315789474,39.05263157894737,1
0022301209,Atlanta Hawks,Brooklyn Nets,123.15789473684211,116.6842105263158,44.21052631578947,48.1578947368421,0
0022301210,Minnesota Timberwolves,San Antonio Spurs,112.84210526315789,111.52631578947368,45.0,42.31578947368421,1
0022301211,Charlotte Hornets,Chicago Bulls,113.83333333333333,107.66666666666667,44.05555555555556,41.23809523809524,0
0022301212,Houston Rockets,Oklahoma City Thunder,110.05882352941177,119.73684210526316,43.88235294117647,41.78947368421053,1
0022301213,Dallas Mavericks,Utah Jazz,118.21052631578948,112.05,42.421052631578945,47.3,1
0022301214,Golden State Warriors,Portland Trail Blazers,114.8,105.15789473684211,46.5,40.63157894736842,1
0022301215,Denver Nuggets,LA Clippers,114.52380952380952,112.94736842105263,43.904761904761905,44.421052631578945,0
0022301216,Charlotte Hornets,Toronto Raptors,113.10526315789474,110.80952380952381,43.94736842105263,46.04761904761905,1
0022301217,Detroit Pistons,Orlando Magic,108.80952380952381,114.0952380952381,45.333333333333336,43.476190476190474,0
0022301218,Atlanta Hawks,Philadelphia 76ers,122.65,120.65,44.45,45.0,0
0022301219,Brooklyn Nets,Washington Wizards,116.55,117.25,48.0,38.7,1
0022301220,Cleveland Cavaliers,Miami Heat,111.28571428571429,113.04761904761905,44.285714285714285,40.857142857142854,1
0022301221,Memphis Grizzlies,Minnesota Timberwolves,106.4,112.3,42.7,45.5,0
0022301222,Golden State Warriors,Oklahoma City Thunder,114.57142857142857,118.8,46.666666666666664,41.2,0
0022301223,Chicago Bulls,San Antonio Spurs,107.81818181818181,110.65,41.95454545454545,42.65,1
0022301224,Denver Nuggets,Houston Rockets,113.95454545454545,110.05555555555556,44.0,44.388888888888886,0
0022301225,LA Clippers,Utah Jazz,112.85,111.33333333333333,44.75,47.095238095238095,1
0022301226,Dallas Mavericks,Portland Trail Blazers,119.65,105.2,42.65,40.6,1
0022301227,Boston Celtics,New York Knicks,116.5,111.45,47.5,46.1,1
0022301228,Phoenix Suns,Sacramento Kings,115.52380952380952,116.52631578947368,44.095238095238095,43.68421052631579,0
0022301229,Indiana Pacers,Milwaukee Bucks,128.42105263157896,122.28571428571429,39.473684210526315,43.476190476190474,1
0022301230,Los Angeles Lakers,New Orleans Pelicans,112.22727272727273,114.5909090909091,44.13636363636363,44.13636363636363,1
